sample_identifier_short,physical_sample_id,sample_identifier,latitude_dd,longitude_dd,sampling_context,Age_BP_From,Age_BP_To,region
COUN000007|4,4,Alcester: Coulter's Garage|COUN000007|S240cm|4,52.215557,-1.8725,Stratigraphic sequence,2748,2164,Nor
COUN000008|6,6,Alcester: Alluvial|COUN000008|LE|6,52.2175,-1.8563889,Stratigraphic sequence,9499,9033,Nor
COUN000008|7,7,Alcester: Alluvial|COUN000008|LF|7,52.2175,-1.8563889,Stratigraphic sequence,9499,9033,Nor
COUN000013|14,14,Armthorpe|COUN000013|S1|14,53.545,-1.0402777,Stratigraphic sequence,13325,12713,Nor
COUN000015|16,16,Aston Mill: Late Holocene|COUN000015|S1|16,52.01611,-2.0830555,Stratigraphic sequence,3898,3392,Nor
COUN000022|24,24,Baker site|COUN000022|T|24,51.139446,-2.796111,Stratigraphic sequence,5464,4892,Nor
COUN000043|99,99,Bigholm Burn|COUN000043|A|99,55.120556,-3.0738888,Stratigraphic sequence,14077,13092,Nor
COUN000053|124,124,Brighouse Bay|COUN000053|Bulk|124,54.783054,-4.1255555,Stratigraphic sequence,11255,10593,Nor
COUN000060|141,141,Bysjön|COUN000060|S1|141,55.683334,13.55,Stratigraphic sequence,13261,12821,Nor
COUN000075|175,175,Davenham: Church Moss|COUN000075|DVJB1|175,53.237778,-2.506389,Stratigraphic sequence,14978,14223,Nor
COUN000075|176,176,Davenham: Church Moss|COUN000075|DVJB2|176,53.237778,-2.506389,Stratigraphic sequence,11065,10506,Nor
COUN000075|177,177,Davenham: Church Moss|COUN000075|DVJB3|177,53.237778,-2.506389,Stratigraphic sequence,12223,11501,Nor
COUN000075|178,178,Davenham: Church Moss|COUN000075|DVJB4|178,53.237778,-2.506389,Stratigraphic sequence,11760,11100,Nor
COUN000075|179,179,Davenham: Church Moss|COUN000075|DVJB5|179,53.237778,-2.506389,Stratigraphic sequence,10752,10427,Nor
COUN000075|180,180,Davenham: Church Moss|COUN000075|DVJB6|180,53.237778,-2.506389,Stratigraphic sequence,10245,9931,Nor
COUN000075|181,181,Davenham: Church Moss|COUN000075|DVJB7|181,53.237778,-2.506389,Stratigraphic sequence,9727,8594,Nor
COUN000076|191,191,Church Stretton RS2|COUN000076|S9|191,52.54028,-2.7991667,Stratigraphic sequence,7000,5000,Nor
COUN000076|192,192,Church Stretton RS2|COUN000076|S10|192,52.54028,-2.7991667,Stratigraphic sequence,7000,5000,Nor
COUN000076|193,193,Church Stretton RS2|COUN000076|S11|193,52.54028,-2.7991667,Stratigraphic sequence,7000,5000,Nor
COUN000076|194,194,Church Stretton RS2|COUN000076|S12|194,52.54028,-2.7991667,Stratigraphic sequence,7000,5000,Nor
COUN000076|195,195,Church Stretton RS2|COUN000076|S13|195,52.54028,-2.7991667,Stratigraphic sequence,7000,5000,Nor
COUN000076|196,196,Church Stretton RS2|COUN000076|S14|196,52.54028,-2.7991667,Stratigraphic sequence,9000,7000,Nor
COUN000076|197,197,Church Stretton RS2|COUN000076|S15|197,52.54028,-2.7991667,Stratigraphic sequence,9000,7000,Nor
COUN000076|210,210,Church Stretton RS2|COUN000076|S28|210,52.54028,-2.7991667,Stratigraphic sequence,13724,12082,Nor
COUN000078|216,216,Clettnadal|COUN000078|S1|216,60.052223,-1.3608333,Stratigraphic sequence,7958,7843,Nor
COUN000078|217,217,Clettnadal|COUN000078|S2|217,60.052223,-1.3608333,Stratigraphic sequence,8776,8674,Nor
COUN000078|218,218,Clettnadal|COUN000078|S3|218,60.052223,-1.3608333,Stratigraphic sequence,9648,9481,Nor
COUN000078|219,219,Clettnadal|COUN000078|S4|219,60.052223,-1.3608333,Stratigraphic sequence,9997,9822,Nor
COUN000078|220,220,Clettnadal|COUN000078|S5|220,60.052223,-1.3608333,Stratigraphic sequence,10501,10203,Nor
COUN000078|221,221,Clettnadal|COUN000078|S6|221,60.052223,-1.3608333,Stratigraphic sequence,10771,10444,Nor
COUN000078|222,222,Clettnadal|COUN000078|S7|222,60.052223,-1.3608333,Stratigraphic sequence,11123,10576,Nor
COUN000078|223,223,Clettnadal|COUN000078|S8|223,60.052223,-1.3608333,Stratigraphic sequence,12009,11356,Nor
COUN000078|224,224,Clettnadal|COUN000078|S9|224,60.052223,-1.3608333,Stratigraphic sequence,12390,11927,Nor
COUN000078|225,225,Clettnadal|COUN000078|S10|225,60.052223,-1.3608333,Stratigraphic sequence,12635,12275,Nor
COUN000078|226,226,Clettnadal|COUN000078|S11|226,60.052223,-1.3608333,Stratigraphic sequence,12903,12570,Nor
COUN000078|227,227,Clettnadal|COUN000078|S12|227,60.052223,-1.3608333,Stratigraphic sequence,13205,12824,Nor
COUN000078|228,228,Clettnadal|COUN000078|S13|228,60.052223,-1.3608333,Stratigraphic sequence,13573,13297,Nor
COUN000078|229,229,Clettnadal|COUN000078|S14|229,60.052223,-1.3608333,Stratigraphic sequence,14147,13755,Nor
COUN000089|255,255,Croydon|COUN000089|Site 1|255,51.371944,-0.1425,Stratigraphic sequence,12158,11265,Nor
COUN000089|256,256,Croydon|COUN000089|Site 2|256,51.371944,-0.1425,Stratigraphic sequence,12158,11265,Nor
COUN000120|334,334,Farmoor: Late Glacial|COUN000120|S1|334,51.74972,-1.3466667,Stratigraphic sequence,13038,11724,Nor
COUN000135|445,445,Godøy|COUN000135|S1|445,62.5,6.176,Stratigraphic sequence,13096,12799,Nor
COUN000135|446,446,Godøy|COUN000135|S2|446,62.5,6.176,Stratigraphic sequence,13096,12799,Nor
COUN000135|447,447,Godøy|COUN000135|S3|447,62.5,6.176,Stratigraphic sequence,13096,12799,Nor
COUN000135|448,448,Godøy|COUN000135|S4|448,62.5,6.176,Stratigraphic sequence,13096,12662,Nor
COUN000146|552,552,Hanö|COUN000146|T2A|552,55.7267,14.199779,Stratigraphic sequence,11089,10436,Nor
COUN000146|554,554,Hanö|COUN000146|T3|554,55.7267,14.199779,Stratigraphic sequence,11190,10681,Nor
COUN000146|556,556,Hanö|COUN000146|T5|556,55.7267,14.199779,Stratigraphic sequence,9433,8800,Nor
COUN000146|557,557,Hanö|COUN000146|T6A|557,55.7267,14.199779,Stratigraphic sequence,9591,9292,Nor
COUN000146|559,559,Hanö|COUN000146|T7|559,55.7267,14.199779,Stratigraphic sequence,9397,8779,Nor
COUN000146|560,560,Hanö|COUN000146|T8|560,55.7267,14.199779,Stratigraphic sequence,10232,9774,Nor
COUN000150|564,564,Hatfield: Tyrham Hall|COUN000150|S1|564,53.55,-0.9388889,Stratigraphic sequence,4870,4394,Nor
COUN000150|569,569,Hatfield: Tyrham Hall|COUN000150|Qu|569,53.55,-0.9388889,Stratigraphic sequence,5567,5367,Nor
COUN000152|591,591,Havre|COUN000152|Lower|591,49.083332,0.2,Stratigraphic sequence,9906,9023,Nor
COUN000161|674,674,"Heldalewater, Hoy|COUN000161|KPB2|674",58.883335,-3.3833334,Stratigraphic sequence,5000,4155,Nor
COUN000161|675,675,"Heldalewater, Hoy|COUN000161|KPB3|675",58.883335,-3.3833334,Stratigraphic sequence,5000,4155,Nor
COUN000165|679,679,Isleham|COUN000165|S1|679,52.35278,0.4125,Stratigraphic sequence,4802,4253,Nor
COUN000168|682,682,Järavallen 1|COUN000168|S1|682,55.7667,12.95,Stratigraphic sequence,7000,5000,Nor
COUN000179|757,757,Körslättamossen|COUN000179|S3|757,56.1,13.066667,Stratigraphic sequence,12500,11500,Nor
COUN000179|758,758,Körslättamossen|COUN000179|S4|758,56.1,13.066667,Stratigraphic sequence,12500,11500,Nor
COUN000179|759,759,Körslättamossen|COUN000179|S5|759,56.1,13.066667,Stratigraphic sequence,12500,11500,Nor
COUN000179|761,761,Körslättamossen|COUN000179|S7|761,56.1,13.066667,Stratigraphic sequence,12500,11500,Nor
COUN000179|762,762,Körslättamossen|COUN000179|S8|762,56.1,13.066667,Stratigraphic sequence,12500,11500,Nor
COUN000179|763,763,Körslättamossen|COUN000179|S9|763,56.1,13.066667,Stratigraphic sequence,10762,10245,Nor
COUN000179|764,764,Körslättamossen|COUN000179|S10|764,56.1,13.066667,Stratigraphic sequence,12500,11500,Nor
COUN000179|765,765,Körslättamossen|COUN000179|S11|765,56.1,13.066667,Stratigraphic sequence,12500,11500,Nor
COUN000179|767,767,Körslättamossen|COUN000179|S13|767,56.1,13.066667,Stratigraphic sequence,12500,11500,Nor
COUN000179|768,768,Körslättamossen|COUN000179|S14|768,56.1,13.066667,Stratigraphic sequence,12500,11500,Nor
COUN000179|769,769,Körslättamossen|COUN000179|S15|769,56.1,13.066667,Stratigraphic sequence,12500,11500,Nor
COUN000179|770,770,Körslättamossen|COUN000179|S16|770,56.1,13.066667,Stratigraphic sequence,12500,11500,Nor
COUN000179|771,771,Körslättamossen|COUN000179|S17|771,56.1,13.066667,Stratigraphic sequence,12500,11500,Nor
COUN000179|772,772,Körslättamossen|COUN000179|S18|772,56.1,13.066667,Stratigraphic sequence,12500,11500,Nor
COUN000179|773,773,Körslättamossen|COUN000179|S19|773,56.1,13.066667,Stratigraphic sequence,12500,11500,Nor
COUN000179|774,774,Körslättamossen|COUN000179|S20|774,56.1,13.066667,Stratigraphic sequence,12500,11500,Nor
COUN000179|775,775,Körslättamossen|COUN000179|S21|775,56.1,13.066667,Stratigraphic sequence,12500,11500,Nor
COUN000179|776,776,Körslättamossen|COUN000179|S22|776,56.1,13.066667,Stratigraphic sequence,13088,12716,Nor
COUN000179|777,777,Körslättamossen|COUN000179|S23|777,56.1,13.066667,Stratigraphic sequence,12500,11500,Nor
COUN000179|778,778,Körslättamossen|COUN000179|S24|778,56.1,13.066667,Stratigraphic sequence,12500,11500,Nor
COUN000179|779,779,Körslättamossen|COUN000179|S25|779,56.1,13.066667,Stratigraphic sequence,12500,11500,Nor
COUN000179|780,780,Körslättamossen|COUN000179|S26|780,56.1,13.066667,Stratigraphic sequence,12500,11500,Nor
COUN000179|781,781,Körslättamossen|COUN000179|S27|781,56.1,13.066667,Stratigraphic sequence,12500,11500,Nor
COUN000179|782,782,Körslättamossen|COUN000179|S28|782,56.1,13.066667,Stratigraphic sequence,12500,11500,Nor
COUN000179|783,783,Körslättamossen|COUN000179|S29|783,56.1,13.066667,Stratigraphic sequence,12500,11500,Nor
COUN000179|784,784,Körslättamossen|COUN000179|S30|784,56.1,13.066667,Stratigraphic sequence,12500,11500,Nor
COUN000179|785,785,Körslättamossen|COUN000179|S31|785,56.1,13.066667,Stratigraphic sequence,12500,11500,Nor
COUN000179|786,786,Körslättamossen|COUN000179|S32|786,56.1,13.066667,Stratigraphic sequence,12500,11500,Nor
COUN000179|787,787,Körslättamossen|COUN000179|S33|787,56.1,13.066667,Stratigraphic sequence,12500,11500,Nor
COUN000179|788,788,Körslättamossen|COUN000179|S34|788,56.1,13.066667,Stratigraphic sequence,12500,11500,Nor
COUN000179|789,789,Körslättamossen|COUN000179|S35|789,56.1,13.066667,Stratigraphic sequence,12500,11500,Nor
COUN000179|790,790,Körslättamossen|COUN000179|S36|790,56.1,13.066667,Stratigraphic sequence,12500,11500,Nor
COUN000179|791,791,Körslättamossen|COUN000179|S37|791,56.1,13.066667,Stratigraphic sequence,12500,11500,Nor
COUN000179|792,792,Körslättamossen|COUN000179|S38|792,56.1,13.066667,Stratigraphic sequence,12500,11500,Nor
COUN000179|793,793,Körslättamossen|COUN000179|S39|793,56.1,13.066667,Stratigraphic sequence,12500,11500,Nor
COUN000179|794,794,Körslättamossen|COUN000179|S40|794,56.1,13.066667,Stratigraphic sequence,12500,11500,Nor
COUN000179|795,795,Körslättamossen|COUN000179|S41|795,56.1,13.066667,Stratigraphic sequence,12500,11500,Nor
COUN000179|796,796,Körslättamossen|COUN000179|S42|796,56.1,13.066667,Stratigraphic sequence,12847,12556,Nor
COUN000179|798,798,Körslättamossen|COUN000179|S44|798,56.1,13.066667,Stratigraphic sequence,12500,11500,Nor
COUN000179|799,799,Körslättamossen|COUN000179|S45|799,56.1,13.066667,Stratigraphic sequence,12500,11500,Nor
COUN000179|800,800,Körslättamossen|COUN000179|S46|800,56.1,13.066667,Stratigraphic sequence,12500,11500,Nor
COUN000179|801,801,Körslättamossen|COUN000179|S47|801,56.1,13.066667,Stratigraphic sequence,12500,11500,Nor
COUN000179|803,803,Körslättamossen|COUN000179|S49|803,56.1,13.066667,Stratigraphic sequence,12500,11500,Nor
COUN000179|804,804,Körslättamossen|COUN000179|S50|804,56.1,13.066667,Stratigraphic sequence,12500,11500,Nor
COUN000181|824,824,Langford|COUN000181|S1|824,53.135555,-0.78305554,Stratigraphic sequence,4373,4092,Nor
COUN000185|832,832,Lea Marston B|COUN000185|S3|832,52.543335,-1.6916667,Stratigraphic sequence,11096,10444,Nor
COUN000185|833,833,Lea Marston B|COUN000185|S4|833,52.543335,-1.6916667,Stratigraphic sequence,11217,10258,Nor
COUN000185|834,834,Lea Marston B|COUN000185|S5|834,52.543335,-1.6916667,Stratigraphic sequence,11193,10245,Nor
COUN000185|835,835,Lea Marston B|COUN000185|S6|835,52.543335,-1.6916667,Stratigraphic sequence,11593,10222,Nor
COUN000185|836,836,Lea Marston B|COUN000185|S7|836,52.543335,-1.6916667,Stratigraphic sequence,11321,10270,Nor
COUN000186|837,837,Lea Marston A|COUN000186|S2|837,52.543335,-1.6916667,Stratigraphic sequence,13988,13150,Nor
COUN000188|839,839,Leicester: Early Holocene|COUN000188|s1|839,52.633335,-1.1166667,Stratigraphic sequence,11761,11183,Nor
COUN000195|863,863,Little Stretton|COUN000195|s12|863,52.523888,-2.8180556,Stratigraphic sequence,7000,5000,Nor
COUN000195|864,864,Little Stretton|COUN000195|s11|864,52.523888,-2.8180556,Stratigraphic sequence,7000,5000,Nor
COUN000195|865,865,Little Stretton|COUN000195|s10|865,52.523888,-2.8180556,Stratigraphic sequence,7000,5000,Nor
COUN000195|866,866,Little Stretton|COUN000195|s9|866,52.523888,-2.8180556,Stratigraphic sequence,7000,5000,Nor
COUN000195|867,867,Little Stretton|COUN000195|s8|867,52.523888,-2.8180556,Stratigraphic sequence,7000,5000,Nor
COUN000195|868,868,Little Stretton|COUN000195|s7|868,52.523888,-2.8180556,Stratigraphic sequence,7000,5000,Nor
COUN000195|869,869,Little Stretton|COUN000195|s6|869,52.523888,-2.8180556,Stratigraphic sequence,7000,5000,Nor
COUN000195|870,870,Little Stretton|COUN000195|s5|870,52.523888,-2.8180556,Stratigraphic sequence,7000,5000,Nor
COUN000195|871,871,Little Stretton|COUN000195|s4|871,52.523888,-2.8180556,Stratigraphic sequence,7000,5000,Nor
COUN000195|872,872,Little Stretton|COUN000195|s3|872,52.523888,-2.8180556,Stratigraphic sequence,7000,5000,Nor
COUN000207|939,939,Messingham|COUN000207|s2|939,53.523888,-0.6166667,Stratigraphic sequence,12530,11507,Nor
COUN000207|940,940,Messingham|COUN000207|s3|940,53.523888,-0.6166667,Stratigraphic sequence,12977,11621,Nor
COUN000216|979,979,Mingies Ditch 1|COUN000216|G|979,51.750557,-1.435,Stratigraphic sequence,13033,12576,Nor
COUN000216|980,980,Mingies Ditch 1|COUN000216|TS2|980,51.750557,-1.435,Stratigraphic sequence,11072,10272,Nor
COUN000216|981,981,Mingies Ditch 1|COUN000216|W|981,51.750557,-1.435,Stratigraphic sequence,8547,8205,Nor
COUN000216|982,982,Mingies Ditch 1|COUN000216|O|982,51.750557,-1.435,Stratigraphic sequence,7576,7309,Nor
COUN000216|983,983,Mingies Ditch 1|COUN000216|U|983,51.750557,-1.435,Stratigraphic sequence,2849,2199,Nor
COUN000226|1055,1055,New Shide Bridge|COUN000226|peat_L_7|1055,50.692223,-1.2863889,Stratigraphic sequence,4959,4522,Nor
COUN000229|1062,1062,North Ferriby|COUN000229|Boat 2|1062,53.71472,-0.5013889,Stratigraphic sequence,2949,2599,Nor
COUN000229|1063,1063,North Ferriby|COUN000229|S0-50|1063,53.71472,-0.5013889,Stratigraphic sequence,2949,2599,Nor
COUN000229|1064,1064,North Ferriby|COUN000229|S50-100|1064,53.71472,-0.5013889,Stratigraphic sequence,2949,2599,Nor
COUN000229|1065,1065,North Ferriby|COUN000229|S100-150|1065,53.71472,-0.5013889,Stratigraphic sequence,2949,2599,Nor
COUN000231|1067,1067,Northmoor LG|COUN000231|S1|1067,50.835,-1.4063889,Stratigraphic sequence,13305,12873,Nor
COUN000232|6565,6565,"Notsel, Mark Valley|COUN000232|LG3|6565",51.55417,4.769444,Stratigraphic sequence,12977,12722,Nor
COUN000232|6567,6567,"Notsel, Mark Valley|COUN000232|LG5|6567",51.55417,4.769444,Stratigraphic sequence,12977,12722,Nor
COUN000232|6569,6569,"Notsel, Mark Valley|COUN000232|LG7|6569",51.55417,4.769444,Stratigraphic sequence,12977,12722,Nor
COUN000232|6595,6595,"Notsel, Mark Valley|COUN000232|LG33|6595",51.55417,4.769444,Stratigraphic sequence,13706,13383,Nor
COUN000232|6596,6596,"Notsel, Mark Valley|COUN000232|LG34|6596",51.55417,4.769444,Stratigraphic sequence,13706,13383,Nor
COUN000232|6603,6603,"Notsel, Mark Valley|COUN000232|LG41|6603",51.55417,4.769444,Stratigraphic sequence,15210,14648,Nor
COUN000232|6605,6605,"Notsel, Mark Valley|COUN000232|LG43|6605",51.55417,4.769444,Stratigraphic sequence,15210,14648,Nor
COUN000244|1120,1120,Oxford: BT Tunnel|COUN000244|S3|1120,51.75,-1.25,Stratigraphic sequence,1390,1060,Nor
COUN000244|1124,1124,Oxford: BT Tunnel|COUN000244|S13|1124,51.75,-1.25,Stratigraphic sequence,1373,1331,Nor
COUN000244|1125,1125,Oxford: BT Tunnel|COUN000244|S7|1125,51.75,-1.25,Stratigraphic sequence,550,330,Nor
COUN000256|1149,1149,Porth Meare Cove|COUN000256|A|1149,50.17972,-5.605278,Stratigraphic sequence,3475,2875,Nor
COUN000256|1150,1150,Porth Meare Cove|COUN000256|B|1150,50.17972,-5.605278,Stratigraphic sequence,3475,2875,Nor
COUN000261|1157,1157,Ramsey Heights|COUN000261|S1|1157,52.454723,-0.14583333,Stratigraphic sequence,4400,3727,Nor
COUN000262|1158,1158,Ranstad|COUN000262|S9025|1158,57.316666,13.733334,Stratigraphic sequence,11745,10788,Nor
COUN000263|1164,1164,Redkirk Point|COUN000263|S0|1164,54.976387,-3.093611,Stratigraphic sequence,15216,13653,Nor
COUN000263|1165,1165,Redkirk Point|COUN000263|S2|1165,54.976387,-3.093611,Stratigraphic sequence,13371,12734,Nor
COUN000263|1166,1166,Redkirk Point|COUN000263|F4|1166,54.976387,-3.093611,Stratigraphic sequence,13145,12431,Nor
COUN000264|1167,1167,Red Moss|COUN000264|S1|1167,53.59,-2.5377777,Stratigraphic sequence,14703,13727,Nor
COUN000264|1172,1172,Red Moss|COUN000264|S6|1172,53.59,-2.5377777,Stratigraphic sequence,13071,12541,Nor
COUN000270|1205,1205,Ripon: Racecourse|COUN000270|S1|1205,54.12472,-1.4919444,Stratigraphic sequence,11241,10795,Nor
COUN000272|1209,1209,Roberthill|COUN000272|S1|1209,55.10361,-3.396389,Stratigraphic sequence,16233,14576,Nor
COUN000273|1211,1211,Rodbaston Hall|COUN000273|silt/gyttja|1211,52.709167,-2.1183333,Stratigraphic sequence,12573,11405,Nor
COUN000273|1212,1212,Rodbaston Hall|COUN000273|gyttja|1212,52.709167,-2.1183333,Stratigraphic sequence,12802,12161,Nor
COUN000274|1218,1218,Rowlands Track|COUN000274|T|1218,51.146667,-2.7877777,Stratigraphic sequence,4968,4450,Nor
COUN000279|1279,1279,Runnymede 1|COUN000279|S1|1279,51.43611,-0.53694445,Stratigraphic sequence,5449,3949,Nor
COUN000279|1280,1280,Runnymede 1|COUN000279|S2|1280,51.43611,-0.53694445,Stratigraphic sequence,5449,3949,Nor
COUN000279|1281,1281,Runnymede 1|COUN000279|S3|1281,51.43611,-0.53694445,Stratigraphic sequence,5449,3949,Nor
COUN000279|1282,1282,Runnymede 1|COUN000279|S4|1282,51.43611,-0.53694445,Stratigraphic sequence,5449,3949,Nor
COUN000279|1283,1283,Runnymede 1|COUN000279|S5|1283,51.43611,-0.53694445,Stratigraphic sequence,5449,3949,Nor
COUN000279|1284,1284,Runnymede 1|COUN000279|S6|1284,51.43611,-0.53694445,Stratigraphic sequence,5449,3949,Nor
COUN000279|1285,1285,Runnymede 1|COUN000279|S7|1285,51.43611,-0.53694445,Stratigraphic sequence,5449,3949,Nor
COUN000279|1286,1286,Runnymede 1|COUN000279|S8|1286,51.43611,-0.53694445,Stratigraphic sequence,5449,3949,Nor
COUN000279|1287,1287,Runnymede 1|COUN000279|S9|1287,51.43611,-0.53694445,Stratigraphic sequence,5449,3949,Nor
COUN000279|1288,1288,Runnymede 1|COUN000279|S10|1288,51.43611,-0.53694445,Stratigraphic sequence,5449,3949,Nor
COUN000279|1289,1289,Runnymede 1|COUN000279|S11|1289,51.43611,-0.53694445,Stratigraphic sequence,5449,3949,Nor
COUN000279|1290,1290,Runnymede 1|COUN000279|S12|1290,51.43611,-0.53694445,Stratigraphic sequence,5449,3949,Nor
COUN000279|1291,1291,Runnymede 1|COUN000279|S13|1291,51.43611,-0.53694445,Stratigraphic sequence,5449,3949,Nor
COUN000279|1292,1292,Runnymede 1|COUN000279|S14|1292,51.43611,-0.53694445,Stratigraphic sequence,5449,3949,Nor
COUN000279|1293,1293,Runnymede 1|COUN000279|L41|1293,51.43611,-0.53694445,Stratigraphic sequence,5449,3949,Nor
COUN000279|1294,1294,Runnymede 1|COUN000279|L40|1294,51.43611,-0.53694445,Stratigraphic sequence,5449,3949,Nor
COUN000288|1312,1312,Samnan|COUN000288|S1|1312,59.90505,17.631268,Stratigraphic sequence,400,0,Nor
COUN000288|1313,1313,Samnan|COUN000288|S2|1313,59.90505,17.631268,Stratigraphic sequence,400,0,Nor
COUN000288|1314,1314,Samnan|COUN000288|S3|1314,59.90505,17.631268,Stratigraphic sequence,400,0,Nor
COUN000288|1315,1315,Samnan|COUN000288|S4|1315,59.90505,17.631268,Stratigraphic sequence,400,0,Nor
COUN000297|1326,1326,Shortalstown|COUN000297|S2|1326,52.366665,-6.5,Stratigraphic sequence,14826,13588,Nor
COUN000321|1481,1481,Stourport|COUN000321|Bulk|1481,52.325,-2.2666667,Stratigraphic sequence,1855,1554,Nor
COUN000321|1482,1482,Stourport|COUN000321|Other|1482,52.325,-2.2666667,Stratigraphic sequence,1907,1540,Nor
COUN000337|1533,1533,Tinney's Brushwood|COUN000337|TR|1533,51.13972,-2.7602777,Stratigraphic sequence,3391,2883,Nor
COUN000341|1559,1559,Torrie Borehole|COUN000341|S2|1559,56.218056,-4.1994443,Stratigraphic sequence,15448,14922,Nor
COUN000351|1592,1592,Usselo|COUN000351|S2|1592,52.2,6.8166666,Stratigraphic sequence,16105,14538,Nor
COUN000356|1619,1619,West Bromwich|COUN000356|A|1619,52.514168,-1.9763889,Stratigraphic sequence,14864,13760,Nor
COUN000356|1620,1620,West Bromwich|COUN000356|B|1620,52.514168,-1.9763889,Stratigraphic sequence,14921,13760,Nor
COUN000356|1621,1621,West Bromwich|COUN000356|C|1621,52.514168,-1.9763889,Stratigraphic sequence,14099,13191,Nor
COUN000356|1622,1622,West Bromwich|COUN000356|D|1622,52.514168,-1.9763889,Stratigraphic sequence,13284,12588,Nor
COUN000356|1623,1623,West Bromwich|COUN000356|E|1623,52.514168,-1.9763889,Stratigraphic sequence,12577,11953,Nor
COUN000356|1624,1624,West Bromwich|COUN000356|F|1624,52.514168,-1.9763889,Stratigraphic sequence,11963,11266,Nor
COUN000356|1625,1625,West Bromwich|COUN000356|G|1625,52.514168,-1.9763889,Stratigraphic sequence,11662,11118,Nor
COUN000356|1626,1626,West Bromwich|COUN000356|H|1626,52.514168,-1.9763889,Stratigraphic sequence,11386,10963,Nor
COUN000356|1627,1627,West Bromwich|COUN000356|I|1627,52.514168,-1.9763889,Stratigraphic sequence,11134,10771,Nor
COUN000356|1628,1628,West Bromwich|COUN000356|J|1628,52.514168,-1.9763889,Stratigraphic sequence,10955,10544,Nor
COUN000356|1629,1629,West Bromwich|COUN000356|K|1629,52.514168,-1.9763889,Stratigraphic sequence,10971,10556,Nor
COUN000356|1630,1630,West Bromwich|COUN000356|L|1630,52.514168,-1.9763889,Stratigraphic sequence,11085,10427,Nor
COUN000357|1633,1633,West Drayton|COUN000357|S1|1633,51.5,-0.47416666,Stratigraphic sequence,13307,12808,Nor
COUN000360|1646,1646,Wilden|COUN000360|R2_35|1646,52.336666,-2.2802777,Stratigraphic sequence,15556,14076,Nor
COUN000360|1652,1652,Wilden|COUN000360|O_X|1652,52.336666,-2.2802777,Stratigraphic sequence,12144,10589,Nor
COUN000360|1654,1654,Wilden|COUN000360|O_Ytop|1654,52.336666,-2.2802777,Stratigraphic sequence,12370,10742,Nor
COUN000360|1657,1657,Wilden|COUN000360|O_Ybott|1657,52.336666,-2.2802777,Stratigraphic sequence,13298,12693,Nor
COUN000360|1658,1658,Wilden|COUN000360|Z|1658,52.336666,-2.2802777,Stratigraphic sequence,13715,12436,Nor
COUN000376|1703,1703,Yoxall Bridge|COUN000376|S1|1703,52.75778,-1.8072222,Stratigraphic sequence,3031,2760,Nor
COUN000390|1727,1727,Bidford on Avon: Pilgrim Lock|COUN000390|S12|1727,52.15,-1.85,Stratigraphic sequence,3327,2789,Nor
COUN000390|1729,1729,Bidford on Avon: Pilgrim Lock|COUN000390|S14|1729,52.15,-1.85,Stratigraphic sequence,3323,2782,Nor
COUN000390|1732,1732,Bidford on Avon: Pilgrim Lock|COUN000390|S17|1732,52.15,-1.85,Stratigraphic sequence,3446,2882,Nor
COUN000397|1908,1908,Tiln|COUN000397|S|1908,53.345554,-0.9575,Stratigraphic sequence,13291,12972,Nor
COUN000400|1911,1911,Church Stretton Site CS1 and CS2|COUN000400|CS1_A|1911,52.541668,-2.8022223,Stratigraphic sequence,13970,13354,Nor
COUN000400|1912,1912,Church Stretton Site CS1 and CS2|COUN000400|CS1_B|1912,52.541668,-2.8022223,Stratigraphic sequence,12500,10500,Nor
COUN000400|1913,1913,Church Stretton Site CS1 and CS2|COUN000400|CS1_C|1913,52.541668,-2.8022223,Stratigraphic sequence,12500,10500,Nor
COUN000400|1914,1914,Church Stretton Site CS1 and CS2|COUN000400|CS1_D|1914,52.541668,-2.8022223,Stratigraphic sequence,12500,10500,Nor
COUN000400|1915,1915,Church Stretton Site CS1 and CS2|COUN000400|CS1_E|1915,52.541668,-2.8022223,Stratigraphic sequence,12500,10500,Nor
COUN000400|1916,1916,Church Stretton Site CS1 and CS2|COUN000400|CS1_F|1916,52.541668,-2.8022223,Stratigraphic sequence,12500,10500,Nor
COUN000400|1917,1917,Church Stretton Site CS1 and CS2|COUN000400|CS1_G|1917,52.541668,-2.8022223,Stratigraphic sequence,12500,10500,Nor
COUN000400|1918,1918,Church Stretton Site CS1 and CS2|COUN000400|CS1_H|1918,52.541668,-2.8022223,Stratigraphic sequence,12500,10500,Nor
COUN000400|1919,1919,Church Stretton Site CS1 and CS2|COUN000400|CS1_I|1919,52.541668,-2.8022223,Stratigraphic sequence,12500,10500,Nor
COUN000400|1922,1922,Church Stretton Site CS1 and CS2|COUN000400|CS2_1|1922,52.541668,-2.8022223,Stratigraphic sequence,12500,11500,Nor
COUN000400|1923,1923,Church Stretton Site CS1 and CS2|COUN000400|CS2_2|1923,52.541668,-2.8022223,Stratigraphic sequence,13262,12592,Nor
COUN000400|1924,1924,Church Stretton Site CS1 and CS2|COUN000400|CS2_3|1924,52.541668,-2.8022223,Stratigraphic sequence,12500,11500,Nor
COUN000400|1925,1925,Church Stretton Site CS1 and CS2|COUN000400|CS2_4|1925,52.541668,-2.8022223,Stratigraphic sequence,12500,11500,Nor
COUN000400|1926,1926,Church Stretton Site CS1 and CS2|COUN000400|CS2_5|1926,52.541668,-2.8022223,Stratigraphic sequence,12500,11500,Nor
COUN000400|1927,1927,Church Stretton Site CS1 and CS2|COUN000400|CS2_6|1927,52.541668,-2.8022223,Stratigraphic sequence,12500,11500,Nor
COUN000400|1928,1928,Church Stretton Site CS1 and CS2|COUN000400|CS2_7|1928,52.541668,-2.8022223,Stratigraphic sequence,12500,11500,Nor
COUN000400|1929,1929,Church Stretton Site CS1 and CS2|COUN000400|CS2_8|1929,52.541668,-2.8022223,Stratigraphic sequence,12500,11500,Nor
COUN000400|1930,1930,Church Stretton Site CS1 and CS2|COUN000400|CS2_9|1930,52.541668,-2.8022223,Stratigraphic sequence,12500,11500,Nor
COUN000400|1931,1931,Church Stretton Site CS1 and CS2|COUN000400|CS2_10|1931,52.541668,-2.8022223,Stratigraphic sequence,12500,11500,Nor
COUN000400|1932,1932,Church Stretton Site CS1 and CS2|COUN000400|CS2_11|1932,52.541668,-2.8022223,Stratigraphic sequence,12500,11500,Nor
COUN000400|1934,1934,Church Stretton Site CS1 and CS2|COUN000400|CS2_13|1934,52.541668,-2.8022223,Stratigraphic sequence,12500,11500,Nor
COUN000400|1936,1936,Church Stretton Site CS1 and CS2|COUN000400|BS|1936,52.541668,-2.8022223,Stratigraphic sequence,12500,11500,Nor
COUN000411|1939,1939,Llanilid|COUN000411|A|1939,51.525276,-3.523611,Stratigraphic sequence,13049,12704,Nor
COUN000411|1942,1942,Llanilid|COUN000411|D|1942,51.525276,-3.523611,Stratigraphic sequence,15073,13271,Nor
COUN000411|1943,1943,Llanilid|COUN000411|E|1943,51.525276,-3.523611,Stratigraphic sequence,13730,13113,Nor
COUN000411|1945,1945,Llanilid|COUN000411|G|1945,51.525276,-3.523611,Stratigraphic sequence,13309,13011,Nor
COUN000411|1946,1946,Llanilid|COUN000411|H|1946,51.525276,-3.523611,Stratigraphic sequence,13422,13084,Nor
COUN000411|1947,1947,Llanilid|COUN000411|I|1947,51.525276,-3.523611,Stratigraphic sequence,13403,12827,Nor
COUN000411|1948,1948,Llanilid|COUN000411|J|1948,51.525276,-3.523611,Stratigraphic sequence,13212,12819,Nor
COUN000411|1949,1949,Llanilid|COUN000411|K|1949,51.525276,-3.523611,Stratigraphic sequence,13314,12743,Nor
COUN000411|1950,1950,Llanilid|COUN000411|L|1950,51.525276,-3.523611,Stratigraphic sequence,12711,12251,Nor
COUN000411|1951,1951,Llanilid|COUN000411|M|1951,51.525276,-3.523611,Stratigraphic sequence,13287,12685,Nor
COUN000411|1952,1952,Llanilid|COUN000411|N|1952,51.525276,-3.523611,Stratigraphic sequence,13036,12426,Nor
COUN000411|1953,1953,Llanilid|COUN000411|O|1953,51.525276,-3.523611,Stratigraphic sequence,13457,12764,Nor
COUN000411|1954,1954,Llanilid|COUN000411|P|1954,51.525276,-3.523611,Stratigraphic sequence,13437,13104,Nor
COUN000411|1955,1955,Llanilid|COUN000411|Q|1955,51.525276,-3.523611,Stratigraphic sequence,13740,13076,Nor
COUN000411|1956,1956,Llanilid|COUN000411|Base_of_Clay|1956,51.525276,-3.523611,Stratigraphic sequence,13142,12781,Nor
COUN000411|1957,1957,Llanilid|COUN000411|S|1957,51.525276,-3.523611,Stratigraphic sequence,13314,13050,Nor
COUN000411|1958,1958,Llanilid|COUN000411|T|1958,51.525276,-3.523611,Stratigraphic sequence,13105,12779,Nor
COUN000411|1961,1961,Llanilid|COUN000411|W|1961,51.525276,-3.523611,Stratigraphic sequence,11612,10405,Nor
COUN000418|1970,1970,Holywell Coombe|COUN000418|Z2/9|1970,51.0975,1.1691667,Stratigraphic sequence,13710,13085,Nor
COUN000427|2026,2026,Holme Fen|COUN000427|S1|2026,52.4667,-0.2333,Stratigraphic sequence,7000,5000,Nor
COUN000436|2047,2047,Drumurcher|COUN000436|P5/5|2047,54.101185,-7.20348,Stratigraphic sequence,12749,11762,Nor
COUN000439|2059,2059,Skalafjordur|COUN000439|92_5-95cm|2059,62.15,-6.7633333,Stratigraphic sequence,10000,8420,Nor
COUN000447|2101,2101,Sproughton|COUN000447|S1|2101,52.059723,-1.1086111,Stratigraphic sequence,14275,13216,Nor
COUN000448|2109,2109,Abingdon|COUN000448|S19-24cm|2109,51.669876,-1.2486,Stratigraphic sequence,16415,15347,Nor
COUN000449|2123,2123,Abbots Way|COUN000449|S1|2123,51.183,-2.8275917,Stratigraphic sequence,1989,1827,Nor
COUN000449|2124,2124,Abbots Way|COUN000449|S2|2124,51.183,-2.8275917,Stratigraphic sequence,2128,1974,Nor
COUN000449|2125,2125,Abbots Way|COUN000449|S3|2125,51.183,-2.8275917,Stratigraphic sequence,2269,2119,Nor
COUN000449|2126,2126,Abbots Way|COUN000449|S4|2126,51.183,-2.8275917,Stratigraphic sequence,2410,2265,Nor
COUN000449|2127,2127,Abbots Way|COUN000449|S5|2127,51.183,-2.8275917,Stratigraphic sequence,2552,2410,Nor
COUN000449|2128,2128,Abbots Way|COUN000449|S6|2128,51.183,-2.8275917,Stratigraphic sequence,2698,2551,Nor
COUN000449|2129,2129,Abbots Way|COUN000449|S7|2129,51.183,-2.8275917,Stratigraphic sequence,2847,2691,Nor
COUN000449|2130,2130,Abbots Way|COUN000449|S8|2130,51.183,-2.8275917,Stratigraphic sequence,2999,2833,Nor
COUN000449|2131,2131,Abbots Way|COUN000449|S9|2131,51.183,-2.8275917,Stratigraphic sequence,3151,2963,Nor
COUN000449|2132,2132,Abbots Way|COUN000449|S10|2132,51.183,-2.8275917,Stratigraphic sequence,3303,3098,Nor
COUN000449|2133,2133,Abbots Way|COUN000449|S11|2133,51.183,-2.8275917,Stratigraphic sequence,3455,3229,Nor
COUN000449|2134,2134,Abbots Way|COUN000449|S12|2134,51.183,-2.8275917,Stratigraphic sequence,3606,3368,Nor
COUN000449|2135,2135,Abbots Way|COUN000449|S13|2135,51.183,-2.8275917,Stratigraphic sequence,3759,3501,Nor
COUN000449|2136,2136,Abbots Way|COUN000449|S14|2136,51.183,-2.8275917,Stratigraphic sequence,3911,3633,Nor
COUN000449|2137,2137,Abbots Way|COUN000449|S15|2137,51.183,-2.8275917,Stratigraphic sequence,4065,3769,Nor
COUN000449|2138,2138,Abbots Way|COUN000449|S16|2138,51.183,-2.8275917,Stratigraphic sequence,4100,3808,Nor
COUN000449|2139,2139,Abbots Way|COUN000449|S17|2139,51.183,-2.8275917,Stratigraphic sequence,4135,3847,Nor
COUN000449|2140,2140,Abbots Way|COUN000449|S18|2140,51.183,-2.8275917,Stratigraphic sequence,4168,3890,Nor
COUN000449|2141,2141,Abbots Way|COUN000449|S19|2141,51.183,-2.8275917,Stratigraphic sequence,4203,3931,Nor
COUN000449|2142,2142,Abbots Way|COUN000449|S20|2142,51.183,-2.8275917,Stratigraphic sequence,4237,3971,Nor
COUN000449|2143,2143,Abbots Way|COUN000449|S21|2143,51.183,-2.8275917,Stratigraphic sequence,4273,4010,Nor
COUN000449|2144,2144,Abbots Way|COUN000449|S22|2144,51.183,-2.8275917,Stratigraphic sequence,4308,4051,Nor
COUN000449|2145,2145,Abbots Way|COUN000449|S23|2145,51.183,-2.8275917,Stratigraphic sequence,4342,4096,Nor
COUN000449|2146,2146,Abbots Way|COUN000449|S24|2146,51.183,-2.8275917,Stratigraphic sequence,4378,4138,Nor
COUN000449|2147,2147,Abbots Way|COUN000449|S25|2147,51.183,-2.8275917,Stratigraphic sequence,4412,4182,Nor
COUN000449|2148,2148,Abbots Way|COUN000449|S26|2148,51.183,-2.8275917,Stratigraphic sequence,4449,4223,Nor
COUN000449|2149,2149,Abbots Way|COUN000449|S27|2149,51.183,-2.8275917,Stratigraphic sequence,4485,4264,Nor
COUN000449|2150,2150,Abbots Way|COUN000449|S28|2150,51.183,-2.8275917,Stratigraphic sequence,4519,4305,Nor
COUN000449|2151,2151,Abbots Way|COUN000449|S29|2151,51.183,-2.8275917,Stratigraphic sequence,4553,4347,Nor
COUN000449|2152,2152,Abbots Way|COUN000449|S30|2152,51.183,-2.8275917,Stratigraphic sequence,4587,4386,Nor
COUN000449|2153,2153,Abbots Way|COUN000449|S31|2153,51.183,-2.8275917,Stratigraphic sequence,4625,4423,Nor
COUN000449|2154,2154,Abbots Way|COUN000449|S32|2154,51.183,-2.8275917,Stratigraphic sequence,4660,4461,Nor
COUN000449|2155,2155,Abbots Way|COUN000449|S33|2155,51.183,-2.8275917,Stratigraphic sequence,4695,4501,Nor
COUN000449|2156,2156,Abbots Way|COUN000449|S34|2156,51.183,-2.8275917,Stratigraphic sequence,4732,4539,Nor
COUN000449|2157,2157,Abbots Way|COUN000449|S35|2157,51.183,-2.8275917,Stratigraphic sequence,4768,4575,Nor
COUN000449|2158,2158,Abbots Way|COUN000449|S36|2158,51.183,-2.8275917,Stratigraphic sequence,4806,4612,Nor
COUN000449|2159,2159,Abbots Way|COUN000449|S37|2159,51.183,-2.8275917,Stratigraphic sequence,4842,4648,Nor
COUN000449|2160,2160,Abbots Way|COUN000449|S38|2160,51.183,-2.8275917,Stratigraphic sequence,4881,4684,Nor
COUN000449|2161,2161,Abbots Way|COUN000449|S39|2161,51.183,-2.8275917,Stratigraphic sequence,4919,4721,Nor
COUN000449|2162,2162,Abbots Way|COUN000449|S40|2162,51.183,-2.8275917,Stratigraphic sequence,4958,4756,Nor
COUN000449|2163,2163,Abbots Way|COUN000449|S41|2163,51.183,-2.8275917,Stratigraphic sequence,4997,4791,Nor
COUN000449|2164,2164,Abbots Way|COUN000449|S42|2164,51.183,-2.8275917,Stratigraphic sequence,5037,4825,Nor
COUN000449|2165,2165,Abbots Way|COUN000449|S43|2165,51.183,-2.8275917,Stratigraphic sequence,5077,4859,Nor
COUN000449|2166,2166,Abbots Way|COUN000449|S44|2166,51.183,-2.8275917,Stratigraphic sequence,5116,4893,Nor
COUN000449|2167,2167,Abbots Way|COUN000449|S45|2167,51.183,-2.8275917,Stratigraphic sequence,5154,4928,Nor
COUN000449|2168,2168,Abbots Way|COUN000449|S46|2168,51.183,-2.8275917,Stratigraphic sequence,5194,4961,Nor
COUN000449|2169,2169,Abbots Way|COUN000449|S47|2169,51.183,-2.8275917,Stratigraphic sequence,5235,4997,Nor
COUN000449|2170,2170,Abbots Way|COUN000449|S48|2170,51.183,-2.8275917,Stratigraphic sequence,5273,5032,Nor
COUN000449|2171,2171,Abbots Way|COUN000449|S49|2171,51.183,-2.8275917,Stratigraphic sequence,5312,5068,Nor
COUN000449|2172,2172,Abbots Way|COUN000449|S50|2172,51.183,-2.8275917,Stratigraphic sequence,5352,5103,Nor
COUN000449|2173,2173,Abbots Way|COUN000449|S51|2173,51.183,-2.8275917,Stratigraphic sequence,5393,5137,Nor
COUN000449|2174,2174,Abbots Way|COUN000449|S52|2174,51.183,-2.8275917,Stratigraphic sequence,5433,5172,Nor
COUN000449|2175,2175,Abbots Way|COUN000449|S53|2175,51.183,-2.8275917,Stratigraphic sequence,5474,5206,Nor
COUN000449|2176,2176,Abbots Way|COUN000449|S54|2176,51.183,-2.8275917,Stratigraphic sequence,5516,5241,Nor
COUN000449|2177,2177,Abbots Way|COUN000449|S55|2177,51.183,-2.8275917,Stratigraphic sequence,5556,5274,Nor
COUN000449|2178,2178,Abbots Way|COUN000449|S56|2178,51.183,-2.8275917,Stratigraphic sequence,5598,5308,Nor
COUN000449|2179,2179,Abbots Way|COUN000449|S57|2179,51.183,-2.8275917,Stratigraphic sequence,5638,5343,Nor
COUN000464|2241,2241,Brigg|COUN000464|S0-5cm|2241,53.555557,-0.5011111,Stratigraphic sequence,4449,2549,Nor
COUN000464|2242,2242,Brigg|COUN000464|S5-10cm|2242,53.555557,-0.5011111,Stratigraphic sequence,4449,2549,Nor
COUN000464|2243,2243,Brigg|COUN000464|S10-15cm|2243,53.555557,-0.5011111,Stratigraphic sequence,4449,2549,Nor
COUN000464|2244,2244,Brigg|COUN000464|S15-20cm|2244,53.555557,-0.5011111,Stratigraphic sequence,4449,2549,Nor
COUN000464|2245,2245,Brigg|COUN000464|S20-25cm|2245,53.555557,-0.5011111,Stratigraphic sequence,4449,2549,Nor
COUN000464|2246,2246,Brigg|COUN000464|S25-30cm|2246,53.555557,-0.5011111,Stratigraphic sequence,4449,2549,Nor
COUN000464|2247,2247,Brigg|COUN000464|S30-35cm|2247,53.555557,-0.5011111,Stratigraphic sequence,4449,2549,Nor
COUN000464|2249,2249,Brigg|COUN000464|S40-45cm|2249,53.555557,-0.5011111,Stratigraphic sequence,4449,2549,Nor
COUN000464|2250,2250,Brigg|COUN000464|S45-50cm|2250,53.555557,-0.5011111,Stratigraphic sequence,4449,2549,Nor
COUN000464|2252,2252,Brigg|COUN000464|S55-60cm|2252,53.555557,-0.5011111,Stratigraphic sequence,4449,2549,Nor
COUN000464|2255,2255,Brigg|COUN000464|S70-75cm|2255,53.555557,-0.5011111,Stratigraphic sequence,4449,2549,Nor
COUN000464|2256,2256,Brigg|COUN000464|S75-80cm|2256,53.555557,-0.5011111,Stratigraphic sequence,4449,2549,Nor
COUN000464|2257,2257,Brigg|COUN000464|S80-85cm|2257,53.555557,-0.5011111,Stratigraphic sequence,4449,2549,Nor
COUN000464|2258,2258,Brigg|COUN000464|S85-90cm|2258,53.555557,-0.5011111,Stratigraphic sequence,4449,2549,Nor
COUN000464|2260,2260,Brigg|COUN000464|S95-100cm|2260,53.555557,-0.5011111,Stratigraphic sequence,4449,2549,Nor
COUN000464|2261,2261,Brigg|COUN000464|S100-105cm|2261,53.555557,-0.5011111,Stratigraphic sequence,4449,2549,Nor
COUN000464|2263,2263,Brigg|COUN000464|S110-115cm|2263,53.555557,-0.5011111,Stratigraphic sequence,4449,2549,Nor
COUN000464|2264,2264,Brigg|COUN000464|S115-120cm|2264,53.555557,-0.5011111,Stratigraphic sequence,4449,2549,Nor
COUN000489|2423,2423,Corlea|COUN000489|C1i|2423,53.614933,-7.8564367,Stratigraphic sequence,5529,5529,Nor
COUN000490|2424,2424,Derryville Bog|COUN000490|Derryfada_23|2424,52.745773,-7.665305,Stratigraphic sequence,3549,3549,Nor
COUN000490|4798,4798,Derryville Bog|COUN000490|Killoran_75|4798,52.745773,-7.665305,Stratigraphic sequence,2599,1900,Nor
COUN000490|4799,4799,Derryville Bog|COUN000490|Killoran_240|4799,52.745773,-7.665305,Stratigraphic sequence,4449,2549,Nor
COUN000490|4800,4800,Derryville Bog|COUN000490|Killoran_314|4800,52.745773,-7.665305,Stratigraphic sequence,2324,2319,Nor
COUN000546|2607,2607,Conty|COUN000546|P5|2607,49.74139,2.1525,Stratigraphic sequence,14936,13932,Nor
COUN000546|2612,2612,Conty|COUN000546|T1|2612,49.74139,2.1525,Stratigraphic sequence,13952,12793,Nor
COUN000546|2613,2613,Conty|COUN000546|T2|2613,49.74139,2.1525,Stratigraphic sequence,13128,12764,Nor
COUN000546|2614,2614,Conty|COUN000546|P8|2614,49.74139,2.1525,Stratigraphic sequence,13500,12573,Nor
COUN000548|2617,2617,Houdancourt|COUN000548|s6|2617,49.32611,2.663889,Stratigraphic sequence,14197,13615,Nor
COUN000548|2620,2620,Houdancourt|COUN000548|s3|2620,49.32611,2.663889,Stratigraphic sequence,13716,13263,Nor
COUN000548|2621,2621,Houdancourt|COUN000548|s2|2621,49.32611,2.663889,Stratigraphic sequence,13305,12935,Nor
COUN000556|2665,2665,Gransmoor|COUN000556|S120|2665,54.02139,-0.30277777,Stratigraphic sequence,15238,13439,Nor
COUN000556|2668,2668,Gransmoor|COUN000556|S135|2668,54.02139,-0.30277777,Stratigraphic sequence,14031,13278,Nor
COUN000601|2793,2793,Difford's 1 site|COUN000601|s1|2793,51.162777,-2.7894444,Stratigraphic sequence,2599,1900,Nor
COUN000601|2794,2794,Difford's 1 site|COUN000601|s2|2794,51.162777,-2.7894444,Stratigraphic sequence,2599,1900,Nor
COUN000601|2795,2795,Difford's 1 site|COUN000601|s3|2795,51.162777,-2.7894444,Stratigraphic sequence,2599,1900,Nor
COUN000601|2796,2796,Difford's 1 site|COUN000601|s4|2796,51.162777,-2.7894444,Stratigraphic sequence,2599,1900,Nor
COUN000601|2797,2797,Difford's 1 site|COUN000601|s5|2797,51.162777,-2.7894444,Stratigraphic sequence,2599,1900,Nor
COUN000601|2798,2798,Difford's 1 site|COUN000601|s6|2798,51.162777,-2.7894444,Stratigraphic sequence,2599,1900,Nor
COUN000601|2799,2799,Difford's 1 site|COUN000601|s7|2799,51.162777,-2.7894444,Stratigraphic sequence,2599,1900,Nor
COUN000601|2800,2800,Difford's 1 site|COUN000601|s8|2800,51.162777,-2.7894444,Stratigraphic sequence,2599,1900,Nor
COUN000601|2801,2801,Difford's 1 site|COUN000601|s9|2801,51.162777,-2.7894444,Stratigraphic sequence,2599,1900,Nor
COUN000601|2802,2802,Difford's 1 site|COUN000601|s10|2802,51.162777,-2.7894444,Stratigraphic sequence,2599,1900,Nor
COUN000601|2803,2803,Difford's 1 site|COUN000601|s11|2803,51.162777,-2.7894444,Stratigraphic sequence,2599,1900,Nor
COUN000601|2804,2804,Difford's 1 site|COUN000601|s12|2804,51.162777,-2.7894444,Stratigraphic sequence,2599,1900,Nor
COUN000601|2805,2805,Difford's 1 site|COUN000601|s13|2805,51.162777,-2.7894444,Stratigraphic sequence,2599,1900,Nor
COUN000601|2806,2806,Difford's 1 site|COUN000601|s14|2806,51.162777,-2.7894444,Stratigraphic sequence,2599,1900,Nor
COUN000601|2807,2807,Difford's 1 site|COUN000601|s15|2807,51.162777,-2.7894444,Stratigraphic sequence,2599,1900,Nor
COUN000601|2808,2808,Difford's 1 site|COUN000601|s16|2808,51.162777,-2.7894444,Stratigraphic sequence,2599,1900,Nor
COUN000625|2875,2875,Hull: Sewer Lane|COUN000625|BugsPresence|2875,53.746113,-0.3638889,Stratigraphic sequence,1550,400,Nor
COUN000642|2925,2925,Nørre Lyngby|COUN000642|A1|2925,57.4167,9.75,Stratigraphic sequence,13597,13155,Nor
COUN000642|2926,2926,Nørre Lyngby|COUN000642|A2|2926,57.4167,9.75,Stratigraphic sequence,13597,13155,Nor
COUN000642|2927,2927,Nørre Lyngby|COUN000642|B|2927,57.4167,9.75,Stratigraphic sequence,13597,13155,Nor
COUN000642|2928,2928,Nørre Lyngby|COUN000642|C|2928,57.4167,9.75,Stratigraphic sequence,13597,13155,Nor
COUN000642|2929,2929,Nørre Lyngby|COUN000642|s1|2929,57.4167,9.75,Stratigraphic sequence,13597,13155,Nor
COUN000642|2930,2930,Nørre Lyngby|COUN000642|s2|2930,57.4167,9.75,Stratigraphic sequence,13597,13155,Nor
COUN000642|2931,2931,Nørre Lyngby|COUN000642|s3|2931,57.4167,9.75,Stratigraphic sequence,13597,13155,Nor
COUN000642|2932,2932,Nørre Lyngby|COUN000642|s4|2932,57.4167,9.75,Stratigraphic sequence,13597,13155,Nor
COUN000642|2933,2933,Nørre Lyngby|COUN000642|s5|2933,57.4167,9.75,Stratigraphic sequence,13597,13155,Nor
COUN000642|2934,2934,Nørre Lyngby|COUN000642|s6|2934,57.4167,9.75,Stratigraphic sequence,13597,13155,Nor
COUN000642|2935,2935,Nørre Lyngby|COUN000642|s7|2935,57.4167,9.75,Stratigraphic sequence,13597,13155,Nor
COUN000642|2936,2936,Nørre Lyngby|COUN000642|s8|2936,57.4167,9.75,Stratigraphic sequence,13597,13155,Nor
COUN000642|2937,2937,Nørre Lyngby|COUN000642|s9|2937,57.4167,9.75,Stratigraphic sequence,13597,13155,Nor
COUN000642|2938,2938,Nørre Lyngby|COUN000642|s10|2938,57.4167,9.75,Stratigraphic sequence,13597,13155,Nor
COUN000642|2939,2939,Nørre Lyngby|COUN000642|s11|2939,57.4167,9.75,Stratigraphic sequence,13597,13155,Nor
COUN000642|2940,2940,Nørre Lyngby|COUN000642|s12|2940,57.4167,9.75,Stratigraphic sequence,13597,13155,Nor
COUN000642|2941,2941,Nørre Lyngby|COUN000642|s13|2941,57.4167,9.75,Stratigraphic sequence,13597,13155,Nor
COUN000642|2942,2942,Nørre Lyngby|COUN000642|s14|2942,57.4167,9.75,Stratigraphic sequence,13597,13155,Nor
COUN000642|2943,2943,Nørre Lyngby|COUN000642|s15|2943,57.4167,9.75,Stratigraphic sequence,13597,13155,Nor
COUN000642|2945,2945,Nørre Lyngby|COUN000642|s17|2945,57.4167,9.75,Stratigraphic sequence,13597,13155,Nor
COUN000642|2946,2946,Nørre Lyngby|COUN000642|s18|2946,57.4167,9.75,Stratigraphic sequence,13597,13155,Nor
COUN000642|2947,2947,Nørre Lyngby|COUN000642|s19|2947,57.4167,9.75,Stratigraphic sequence,13597,13155,Nor
COUN000642|2948,2948,Nørre Lyngby|COUN000642|s20|2948,57.4167,9.75,Stratigraphic sequence,13597,13155,Nor
COUN000642|2949,2949,Nørre Lyngby|COUN000642|s21|2949,57.4167,9.75,Stratigraphic sequence,13597,13155,Nor
COUN000642|2950,2950,Nørre Lyngby|COUN000642|s22|2950,57.4167,9.75,Stratigraphic sequence,13597,13155,Nor
COUN000642|2951,2951,Nørre Lyngby|COUN000642|s23|2951,57.4167,9.75,Stratigraphic sequence,13597,13155,Nor
COUN000642|2952,2952,Nørre Lyngby|COUN000642|s24|2952,57.4167,9.75,Stratigraphic sequence,13597,13155,Nor
COUN000642|2953,2953,Nørre Lyngby|COUN000642|s25|2953,57.4167,9.75,Stratigraphic sequence,13597,13155,Nor
COUN000642|2954,2954,Nørre Lyngby|COUN000642|s26|2954,57.4167,9.75,Stratigraphic sequence,13597,13155,Nor
COUN000642|2955,2955,Nørre Lyngby|COUN000642|s27|2955,57.4167,9.75,Stratigraphic sequence,13597,13155,Nor
COUN000642|2956,2956,Nørre Lyngby|COUN000642|s28|2956,57.4167,9.75,Stratigraphic sequence,13597,13155,Nor
COUN000642|2957,2957,Nørre Lyngby|COUN000642|s29|2957,57.4167,9.75,Stratigraphic sequence,13597,13155,Nor
COUN000642|2958,2958,Nørre Lyngby|COUN000642|s30|2958,57.4167,9.75,Stratigraphic sequence,13597,13155,Nor
COUN000642|2959,2959,Nørre Lyngby|COUN000642|s31|2959,57.4167,9.75,Stratigraphic sequence,13597,13155,Nor
COUN000642|2960,2960,Nørre Lyngby|COUN000642|s32|2960,57.4167,9.75,Stratigraphic sequence,13597,13155,Nor
COUN000642|2961,2961,Nørre Lyngby|COUN000642|s33|2961,57.4167,9.75,Stratigraphic sequence,13597,13155,Nor
COUN000642|2962,2962,Nørre Lyngby|COUN000642|s34|2962,57.4167,9.75,Stratigraphic sequence,13597,13155,Nor
COUN000642|2963,2963,Nørre Lyngby|COUN000642|s35|2963,57.4167,9.75,Stratigraphic sequence,13597,13155,Nor
COUN000642|2964,2964,Nørre Lyngby|COUN000642|s36|2964,57.4167,9.75,Stratigraphic sequence,13597,13155,Nor
COUN000642|2965,2965,Nørre Lyngby|COUN000642|s37|2965,57.4167,9.75,Stratigraphic sequence,13597,13155,Nor
COUN000642|2966,2966,Nørre Lyngby|COUN000642|s38|2966,57.4167,9.75,Stratigraphic sequence,13597,13155,Nor
COUN000642|2967,2967,Nørre Lyngby|COUN000642|P|2967,57.4167,9.75,Stratigraphic sequence,13597,13155,Nor
COUN000697|3244,3244,St. Bees|COUN000697|s40|3244,54.48722,-3.5991666,Stratigraphic sequence,13544,12741,Nor
COUN000697|3245,3245,St. Bees|COUN000697|s35|3245,54.48722,-3.5991666,Stratigraphic sequence,13555,13118,Nor
COUN000697|3252,3252,St. Bees|COUN000697|s0|3252,54.48722,-3.5991666,Stratigraphic sequence,15325,14134,Nor
COUN000704|3298,3298,Teith Valley|COUN000704|T2|3298,56.218056,-4.1994443,Stratigraphic sequence,15448,14922,Nor
COUN000706|3305,3305,Yarnton|COUN000706|S6|3305,51.793335,-1.3,Stratigraphic sequence,1810,1400,Nor
COUN000706|3306,3306,Yarnton|COUN000706|S7|3306,51.793335,-1.3,Stratigraphic sequence,1440,960,Nor
COUN000706|3307,3307,Yarnton|COUN000706|S8|3307,51.793335,-1.3,Stratigraphic sequence,1230,960,Nor
COUN000708|3312,3312,Croft|COUN000708|S5|3312,52.568333,-1.7358333,Stratigraphic sequence,12389,11410,Nor
COUN000708|3316,3316,Croft|COUN000708|S40|3316,52.568333,-1.7358333,Stratigraphic sequence,5710,4883,Nor
COUN000712|3328,3328,Kinfauns|COUN000712|BugsPresence|3328,56.383335,-3.35,Stratigraphic sequence,6205,5668,Nor
COUN000717|3866,3866,Repton|COUN000717|BugsPresence|3866,52.840603,-1.562007,Stratigraphic sequence,11685,11175,Nor
COUN000753|3552,3552,Comberton|COUN000753|BugsPresence|3552,52.30639,-2.7377777,Stratigraphic sequence,11500,10000,Nor
COUN000754|3554,3554,Queens Valley|COUN000754|S1|3554,49.197224,-2.0416667,Stratigraphic sequence,12942,12113,Nor
COUN000754|3555,3555,Queens Valley|COUN000754|S2|3555,49.197224,-2.0416667,Stratigraphic sequence,12942,12113,Nor
COUN000759|3568,3568,Hemavan|COUN000759|S55-60Pt2|3568,65.833336,15,Stratigraphic sequence,6183,5665,Nor
COUN000759|3569,3569,Hemavan|COUN000759|S60-65BIG|3569,65.833336,15,Stratigraphic sequence,6370,5882,Nor
COUN000759|3570,3570,Hemavan|COUN000759|S110-115|3570,65.833336,15,Stratigraphic sequence,8350,7888,Nor
COUN000759|3571,3571,Hemavan|COUN000759|S115-120|3571,65.833336,15,Stratigraphic sequence,8567,8074,Nor
COUN000759|3572,3572,Hemavan|COUN000759|S120-125|3572,65.833336,15,Stratigraphic sequence,8782,8261,Nor
COUN000759|3573,3573,Hemavan|COUN000759|S125-130|3573,65.833336,15,Stratigraphic sequence,9003,8447,Nor
COUN000759|3574,3574,Hemavan|COUN000759|S130-135|3574,65.833336,15,Stratigraphic sequence,9227,8626,Nor
COUN000759|3575,3575,Hemavan|COUN000759|S132-135plus|3575,65.833336,15,Stratigraphic sequence,9271,8662,Nor
COUN000759|3576,3576,Hemavan|COUN000759|S135plus-140|3576,65.833336,15,Stratigraphic sequence,9452,8806,Nor
COUN000759|3577,3577,Hemavan|COUN000759|S145-160|3577,65.833336,15,Stratigraphic sequence,10115,9328,Nor
COUN000786|3682,3682,Fazakerley|COUN000786|BugsPresence|3682,53.46345,-2.9429,Stratigraphic sequence,500,350,Nor
COUN000808|3758,3758,Bidford on Avon|COUN000808|BugsPresence|3758,52.15,-1.8666667,Stratigraphic sequence,2682,2007,Nor
COUN000821|3953,3953,Ballywillin|COUN000821|S1|3953,53.783333,-7.4166665,Stratigraphic sequence,1550,400,Nor
COUN000821|3954,3954,Ballywillin|COUN000821|S2|3954,53.783333,-7.4166665,Stratigraphic sequence,1550,400,Nor
COUN000821|3955,3955,Ballywillin|COUN000821|S3|3955,53.783333,-7.4166665,Stratigraphic sequence,914,709,Nor
COUN000821|3956,3956,Ballywillin|COUN000821|S4|3956,53.783333,-7.4166665,Stratigraphic sequence,1550,400,Nor
COUN000821|3957,3957,Ballywillin|COUN000821|S5|3957,53.783333,-7.4166665,Stratigraphic sequence,1057,690,Nor
COUN000821|3958,3958,Ballywillin|COUN000821|S6|3958,53.783333,-7.4166665,Stratigraphic sequence,1171,929,Nor
COUN000821|3959,3959,Ballywillin|COUN000821|S7|3959,53.783333,-7.4166665,Stratigraphic sequence,1380,1281,Nor
COUN000821|3960,3960,Ballywillin|COUN000821|S8|3960,53.783333,-7.4166665,Stratigraphic sequence,1550,400,Nor
COUN000822|3961,3961,Washingborough|COUN000822|O7C|3961,53.228333,-0.43666667,Stratigraphic sequence,2599,1900,Nor
COUN000822|3962,3962,Washingborough|COUN000822|O7F|3962,53.228333,-0.43666667,Stratigraphic sequence,2599,1900,Nor
COUN000822|3963,3963,Washingborough|COUN000822|O12|3963,53.228333,-0.43666667,Stratigraphic sequence,2599,1900,Nor
COUN000822|4135,4135,Washingborough|COUN000822|T1_1|4135,53.228333,-0.43666667,Stratigraphic sequence,2599,1900,Nor
COUN000822|4136,4136,Washingborough|COUN000822|T1_2|4136,53.228333,-0.43666667,Stratigraphic sequence,2599,1900,Nor
COUN000822|4137,4137,Washingborough|COUN000822|T1_3|4137,53.228333,-0.43666667,Stratigraphic sequence,2599,1900,Nor
COUN000822|4138,4138,Washingborough|COUN000822|T1_4|4138,53.228333,-0.43666667,Stratigraphic sequence,2599,1900,Nor
COUN000822|4139,4139,Washingborough|COUN000822|T1_5|4139,53.228333,-0.43666667,Stratigraphic sequence,2599,1900,Nor
COUN000822|4140,4140,Washingborough|COUN000822|T1_6|4140,53.228333,-0.43666667,Stratigraphic sequence,2599,1900,Nor
COUN000822|4141,4141,Washingborough|COUN000822|T1_7|4141,53.228333,-0.43666667,Stratigraphic sequence,2599,1900,Nor
COUN000822|4142,4142,Washingborough|COUN000822|T1_8|4142,53.228333,-0.43666667,Stratigraphic sequence,2599,1900,Nor
COUN000822|4143,4143,Washingborough|COUN000822|T1_9|4143,53.228333,-0.43666667,Stratigraphic sequence,2599,1900,Nor
COUN000822|4144,4144,Washingborough|COUN000822|O8|4144,53.228333,-0.43666667,Stratigraphic sequence,2599,1900,Nor
COUN000822|4145,4145,Washingborough|COUN000822|O6|4145,53.228333,-0.43666667,Stratigraphic sequence,2599,1900,Nor
COUN000822|4147,4147,Washingborough|COUN000822|T2_107|4147,53.228333,-0.43666667,Stratigraphic sequence,2599,1900,Nor
COUN000822|4148,4148,Washingborough|COUN000822|T2_114|4148,53.228333,-0.43666667,Stratigraphic sequence,2599,1900,Nor
COUN000822|4149,4149,Washingborough|COUN000822|T4_411|4149,53.228333,-0.43666667,Stratigraphic sequence,2599,1900,Nor
COUN000822|4150,4150,Washingborough|COUN000822|T4_428|4150,53.228333,-0.43666667,Stratigraphic sequence,2599,1900,Nor
COUN000822|4151,4151,Washingborough|COUN000822|T5_517|4151,53.228333,-0.43666667,Stratigraphic sequence,2599,1900,Nor
COUN000822|4152,4152,Washingborough|COUN000822|T5_521|4152,53.228333,-0.43666667,Stratigraphic sequence,2599,1900,Nor
COUN000822|4153,4153,Washingborough|COUN000822|T5_1_20|4153,53.228333,-0.43666667,Stratigraphic sequence,2599,1900,Nor
COUN000822|4155,4155,Washingborough|COUN000822|T5_3_10|4155,53.228333,-0.43666667,Stratigraphic sequence,2599,1900,Nor
COUN000822|4159,4159,Washingborough|COUN000822|T5_16_520|4159,53.228333,-0.43666667,Stratigraphic sequence,2599,1900,Nor
COUN000822|4160,4160,Washingborough|COUN000822|T5_3_511|4160,53.228333,-0.43666667,Stratigraphic sequence,2599,1900,Nor
COUN000822|4161,4161,Washingborough|COUN000822|T5_3_20|4161,53.228333,-0.43666667,Stratigraphic sequence,2599,1900,Nor
COUN000822|4162,4162,Washingborough|COUN000822|T5_3_30|4162,53.228333,-0.43666667,Stratigraphic sequence,2599,1900,Nor
COUN000822|4163,4163,Washingborough|COUN000822|T5_3_40|4163,53.228333,-0.43666667,Stratigraphic sequence,2599,1900,Nor
COUN000832|4077,4077,St Momelin|COUN000832|Sto2|4077,50.785,2.245,Stratigraphic sequence,12737,11492,Nor
COUN000832|4078,4078,St Momelin|COUN000832|Sto3|4078,50.785,2.245,Stratigraphic sequence,11052,10527,Nor
COUN000832|4079,4079,St Momelin|COUN000832|Sto4|4079,50.785,2.245,Stratigraphic sequence,9804,9490,Nor
COUN000832|4081,4081,St Momelin|COUN000832|Sto6|4081,50.785,2.245,Stratigraphic sequence,8550,8345,Nor
COUN000832|4082,4082,St Momelin|COUN000832|Sto7|4082,50.785,2.245,Stratigraphic sequence,8412,8216,Nor
COUN000832|4083,4083,St Momelin|COUN000832|Sto8|4083,50.785,2.245,Stratigraphic sequence,8162,7984,Nor
COUN000832|4084,4084,St Momelin|COUN000832|Sto9|4084,50.785,2.245,Stratigraphic sequence,7965,7788,Nor
COUN000832|4085,4085,St Momelin|COUN000832|Sto10|4085,50.785,2.245,Stratigraphic sequence,7805,7632,Nor
COUN000832|4086,4086,St Momelin|COUN000832|Sto11|4086,50.785,2.245,Stratigraphic sequence,7643,7474,Nor
COUN000832|4087,4087,St Momelin|COUN000832|Sto12|4087,50.785,2.245,Stratigraphic sequence,7525,7355,Nor
COUN000832|4088,4088,St Momelin|COUN000832|Sto13|4088,50.785,2.245,Stratigraphic sequence,7449,7275,Nor
COUN000832|4089,4089,St Momelin|COUN000832|Sto14|4089,50.785,2.245,Stratigraphic sequence,7257,7073,Nor
COUN000832|4090,4090,St Momelin|COUN000832|Sto15|4090,50.785,2.245,Stratigraphic sequence,6956,6747,Nor
COUN000832|4091,4091,St Momelin|COUN000832|Sto16|4091,50.785,2.245,Stratigraphic sequence,6733,6500,Nor
COUN000832|4092,4092,St Momelin|COUN000832|Sto17|4092,50.785,2.245,Stratigraphic sequence,6557,6361,Nor
COUN000832|4093,4093,St Momelin|COUN000832|Sto18|4093,50.785,2.245,Stratigraphic sequence,6388,6207,Nor
COUN000832|4094,4094,St Momelin|COUN000832|Sto19|4094,50.785,2.245,Stratigraphic sequence,6273,6096,Nor
COUN000832|4095,4095,St Momelin|COUN000832|Sto20|4095,50.785,2.245,Stratigraphic sequence,6195,6011,Nor
COUN000832|4096,4096,St Momelin|COUN000832|Sto21|4096,50.785,2.245,Stratigraphic sequence,6121,5925,Nor
COUN000832|4097,4097,St Momelin|COUN000832|Sto22|4097,50.785,2.245,Stratigraphic sequence,6045,5836,Nor
COUN000832|4098,4098,St Momelin|COUN000832|Sto23|4098,50.785,2.245,Stratigraphic sequence,5975,5751,Nor
COUN000832|4099,4099,St Momelin|COUN000832|Sto24|4099,50.785,2.245,Stratigraphic sequence,5905,5657,Nor
COUN000832|4100,4100,St Momelin|COUN000832|Sto25|4100,50.785,2.245,Stratigraphic sequence,4860,4613,Nor
COUN000832|4101,4101,St Momelin|COUN000832|Sto26|4101,50.785,2.245,Stratigraphic sequence,3962,3379,Nor
COUN000832|4102,4102,St Momelin|COUN000832|Sto27|4102,50.785,2.245,Stratigraphic sequence,3275,2407,Nor
COUN000853|4243,4243,Croftamie|COUN000853|S1|4243,56.045834,-4.445,Stratigraphic sequence,12737,12002,Nor
COUN000892|4358,4358,Bedale|COUN000892|S67|4358,53.956665,-1.0916667,Stratigraphic sequence,8296,8024,Nor
COUN000892|4359,4359,Bedale|COUN000892|S71|4359,53.956665,-1.0916667,Stratigraphic sequence,8447,8201,Nor
COUN000892|4360,4360,Bedale|COUN000892|S171|4360,53.956665,-1.0916667,Stratigraphic sequence,9016,8729,Nor
COUN000892|4361,4361,Bedale|COUN000892|S172|4361,53.956665,-1.0916667,Stratigraphic sequence,9016,8660,Nor
COUN000892|4362,4362,Bedale|COUN000892|S173|4362,53.956665,-1.0916667,Stratigraphic sequence,8998,8657,Nor
COUN000892|4364,4364,Bedale|COUN000892|S175|4364,53.956665,-1.0916667,Stratigraphic sequence,9406,9034,Nor
COUN000892|4367,4367,Bedale|COUN000892|S176_301|4367,53.956665,-1.0916667,Stratigraphic sequence,10145,9685,Nor
COUN000892|4369,4369,Bedale|COUN000892|S38|4369,53.956665,-1.0916667,Stratigraphic sequence,1550,400,Nor
COUN000934|4530,4530,"Horton Kirby, South Darenth|COUN000934|M|4530",51.39473,0.24481,Stratigraphic sequence,7588,6677,Nor
COUN000934|4532,4532,"Horton Kirby, South Darenth|COUN000934|L|4532",51.39473,0.24481,Stratigraphic sequence,2949,2599,Nor
COUN000935|4533,4533,Bexley: Crossness|COUN000935|M|4533,51.50608,0.13352,Stratigraphic sequence,6399,5751,Nor
COUN000935|4535,4535,Bexley: Crossness|COUN000935|E|4535,51.50608,0.13352,Stratigraphic sequence,5449,4049,Nor
COUN000935|4536,4536,Bexley: Crossness|COUN000935|L|4536,51.50608,0.13352,Stratigraphic sequence,2949,2599,Nor
COUN000936|4537,4537,Bexley: Norman Road|COUN000936|N|4537,51.50522,0.15298,Stratigraphic sequence,5036,4161,Nor
COUN000936|4538,4538,Bexley: Norman Road|COUN000936|E|4538,51.50522,0.15298,Stratigraphic sequence,3689,3253,Nor
COUN000937|4540,4540,Beckton: Woolwich Manor Way|COUN000937|E|4540,51.52043,0.05935,Stratigraphic sequence,3688,3481,Nor
COUN000938|4542,4542,Dagenham: Hornchurch Marshes|COUN000938|E|4542,51.52192,0.16243,Stratigraphic sequence,5449,4049,Nor
COUN000939|4543,4543,Greenwich: Bellot St.|COUN000939|E|4543,51.48713,0.00507,Stratigraphic sequence,3887,3650,Nor
COUN000939|4544,4544,Greenwich: Bellot St.|COUN000939|L|4544,51.48713,0.00507,Stratigraphic sequence,3823,3568,Nor
COUN000940|4545,4545,London: Poplar High St.|COUN000940|E|4545,51.50896,-0.01768,Stratigraphic sequence,4231,3650,Nor
COUN000941|4546,4546,Greenwich: Abbey Wood|COUN000941|E|4546,51.48025,0.103667,Stratigraphic sequence,3887,3260,Nor
COUN000955|4649,4649,North Duffield|COUN000955|BugsPresence|4649,53.82388,-0.96239,Stratigraphic sequence,3456,2491,Nor
COUN000965|4672,4672,Sondre Tunåsen|COUN000965|F1|4672,59.89045,17.534033,Stratigraphic sequence,2599,1900,Nor
COUN001003|4725,4725,Stora Tuna Skärsjö|COUN001003|BugsPresence|4725,60.45,15.466666,Stratigraphic sequence,7000,5000,Nor
COUN001059|4847,4847,Birka|COUN001059|SI|4847,59.33621,17.545465,Stratigraphic sequence,1550,400,Nor
COUN001059|4848,4848,Birka|COUN001059|SII|4848,59.33621,17.545465,Stratigraphic sequence,1550,400,Nor
COUN001059|4849,4849,Birka|COUN001059|SIII|4849,59.33621,17.545465,Stratigraphic sequence,1550,400,Nor
COUN001059|4850,4850,Birka|COUN001059|SIV|4850,59.33621,17.545465,Stratigraphic sequence,1550,400,Nor
COUN001059|4851,4851,Birka|COUN001059|SV|4851,59.33621,17.545465,Stratigraphic sequence,1550,400,Nor
COUN001059|4852,4852,Birka|COUN001059|SVI|4852,59.33621,17.545465,Stratigraphic sequence,1550,400,Nor
COUN001070|4864,4864,Sellafield|COUN001070|C2_50-60|4864,54.415115,-3.4838963,Stratigraphic sequence,7648,7454,Nor
COUN001070|4865,4865,Sellafield|COUN001070|C2_60-70|4865,54.415115,-3.4838963,Stratigraphic sequence,7936,7751,Nor
COUN001070|4866,4866,Sellafield|COUN001070|C2_90-100|4866,54.415115,-3.4838963,Stratigraphic sequence,11128,10997,Nor
COUN001070|4867,4867,Sellafield|COUN001070|C3_40-50|4867,54.415115,-3.4838963,Stratigraphic sequence,9956,9823,Nor
COUN001070|4868,4868,Sellafield|COUN001070|C3_70-80|4868,54.415115,-3.4838963,Stratigraphic sequence,10659,10530,Nor
COUN001070|4869,4869,Sellafield|COUN001070|C3_80-90|4869,54.415115,-3.4838963,Stratigraphic sequence,10892,10764,Nor
COUN001070|4870,4870,Sellafield|COUN001070|C3_90-100|4870,54.415115,-3.4838963,Stratigraphic sequence,9630,9494,Nor
COUN001070|4871,4871,Sellafield|COUN001070|C4_10-20|4871,54.415115,-3.4838963,Stratigraphic sequence,11598,11464,Nor
COUN001070|4872,4872,Sellafield|COUN001070|C4_30-40|4872,54.415115,-3.4838963,Stratigraphic sequence,12072,11926,Nor
COUN001070|4874,4874,Sellafield|COUN001070|C4_80-90|4874,54.415115,-3.4838963,Stratigraphic sequence,13262,13080,Nor
COUN001070|4875,4875,Sellafield|COUN001070|C4_90-100|4875,54.415115,-3.4838963,Stratigraphic sequence,13501,13311,Nor
COUN001070|4876,4876,Sellafield|COUN001070|C5_30-40|4876,54.415115,-3.4838963,Stratigraphic sequence,13822,13653,Nor
COUN001070|4878,4878,Sellafield|COUN001070|C5_90-100|4878,54.415115,-3.4838963,Stratigraphic sequence,14313,14145,Nor
COUN001070|4879,4879,Sellafield|COUN001070|C6_40-50|4879,54.415115,-3.4838963,Stratigraphic sequence,14752,14548,Nor
COUN001070|4880,4880,Sellafield|COUN001070|C7_20-30|4880,54.415115,-3.4838963,Stratigraphic sequence,15363,15072,Nor
COUN001070|4881,4881,Sellafield|COUN001070|C7_40-50|4881,54.415115,-3.4838963,Stratigraphic sequence,15628,15299,Nor
COUN001070|4882,4882,Sellafield|COUN001070|C7_70-80|4882,54.415115,-3.4838963,Stratigraphic sequence,15892,15516,Nor
COUN001090|5074,5074,Valleröds Mosse|COUN001090|Bugs_Presence|5074,55.568054,13.817223,Stratigraphic sequence,10156,9527,Nor
COUN001114|5180,5180,Walmersley|COUN001114|S1|5180,53.61045,-2.3098083,Stratigraphic sequence,2869,2749,Nor
COUN001114|5181,5181,Walmersley|COUN001114|S3|5181,53.61045,-2.3098083,Stratigraphic sequence,4449,2549,Nor
COUN001114|5182,5182,Walmersley|COUN001114|S5|5182,53.61045,-2.3098083,Stratigraphic sequence,3259,2989,Nor
COUN001136|5274,5274,"Stanwick, Northants.|COUN001136|ST20|5274",52.32169,-0.60759604,Stratigraphic sequence,12154,11821,Nor
COUN001136|5275,5275,"Stanwick, Northants.|COUN001136|ST64|5275",52.32169,-0.60759604,Stratigraphic sequence,11754,11346,Nor
COUN001136|5276,5276,"Stanwick, Northants.|COUN001136|ST87|5276",52.32169,-0.60759604,Stratigraphic sequence,11600,11096,Nor
COUN001136|5278,5278,"Stanwick, Northants.|COUN001136|ST99|5278",52.32169,-0.60759604,Stratigraphic sequence,12637,11628,Nor
COUN001136|5279,5279,"Stanwick, Northants.|COUN001136|ST37|5279",52.32169,-0.60759604,Stratigraphic sequence,5990,5752,Nor
COUN001147|5402,5402,Holme Pierrepont|COUN001147|S1m1|5402,52.939365,-1.071464,Stratigraphic sequence,11500,10000,Nor
COUN001147|5403,5403,Holme Pierrepont|COUN001147|S1m2|5403,52.939365,-1.071464,Stratigraphic sequence,11500,10000,Nor
COUN001147|5404,5404,Holme Pierrepont|COUN001147|S1m3|5404,52.939365,-1.071464,Stratigraphic sequence,13051,12793,Nor
COUN001147|5405,5405,Holme Pierrepont|COUN001147|S1m4|5405,52.939365,-1.071464,Stratigraphic sequence,13135,12900,Nor
COUN001147|5406,5406,Holme Pierrepont|COUN001147|S1m5|5406,52.939365,-1.071464,Stratigraphic sequence,11500,10000,Nor
COUN001147|5407,5407,Holme Pierrepont|COUN001147|S2m1|5407,52.939365,-1.071464,Stratigraphic sequence,11500,10000,Nor
COUN001147|5408,5408,Holme Pierrepont|COUN001147|S2m2|5408,52.939365,-1.071464,Stratigraphic sequence,13063,12813,Nor
COUN001147|5409,5409,Holme Pierrepont|COUN001147|Sample_not_recorded|5409,52.939365,-1.071464,Stratigraphic sequence,11500,10000,Nor
COUN001205|5612,5612,West Cotton|COUN001205|C19|5612,52.341946,-0.5688889,Stratigraphic sequence,4874,4713,Nor
COUN001205|5614,5614,West Cotton|COUN001205|C1|5614,52.341946,-0.5688889,Stratigraphic sequence,4782,4259,Nor
COUN001205|5618,5618,West Cotton|COUN001205|C2|5618,52.341946,-0.5688889,Stratigraphic sequence,4449,2549,Nor
COUN001206|5620,5620,West Cotton|COUN001206|B139_S7|5620,52.341946,-0.5688889,Stratigraphic sequence,1540,884,Nor
COUN001229|5773,5773,Conesby Sidings|COUN001229|BugsPresence|5773,53.61932,-0.64085263,Stratigraphic sequence,13925,12703,Nor
COUN001248|5893,5893,Awkley|COUN001248|C118|5893,51.57481,-2.588401,Stratigraphic sequence,6476,6299,Nor
COUN001248|5894,5894,Awkley|COUN001248|C121|5894,51.57481,-2.588401,Stratigraphic sequence,5036,4647,Nor
COUN001249|5895,5895,Pilning|COUN001249|C211|5895,51.536137,-2.6413918,Stratigraphic sequence,4847,4540,Nor
COUN001279|5973,5973,Sandåkra|COUN001279|S1|5973,56.06691,13.733375,Stratigraphic sequence,2000,0,Nor
COUN001279|5974,5974,Sandåkra|COUN001279|S2|5974,56.06691,13.733375,Stratigraphic sequence,2000,0,Nor
COUN001279|5975,5975,Sandåkra|COUN001279|S3|5975,56.06691,13.733375,Stratigraphic sequence,2000,0,Nor
COUN001279|5976,5976,Sandåkra|COUN001279|S4|5976,56.06691,13.733375,Stratigraphic sequence,2000,0,Nor
COUN001279|5977,5977,Sandåkra|COUN001279|S5|5977,56.06691,13.733375,Stratigraphic sequence,2000,0,Nor
COUN001279|5979,5979,Sandåkra|COUN001279|S7|5979,56.06691,13.733375,Stratigraphic sequence,2000,0,Nor
COUN001279|5980,5980,Sandåkra|COUN001279|S8|5980,56.06691,13.733375,Stratigraphic sequence,2000,0,Nor
COUN001345|6307,6307,Wensum|COUN001345|S1|6307,52.634342,1.304786,Stratigraphic sequence,110,110,Nor
COUN001345|6308,6308,Wensum|COUN001345|S2|6308,52.634342,1.304786,Stratigraphic sequence,110,110,Nor
COUN001345|6309,6309,Wensum|COUN001345|S3|6309,52.634342,1.304786,Stratigraphic sequence,110,110,Nor
COUN001345|6310,6310,Wensum|COUN001345|S4|6310,52.634342,1.304786,Stratigraphic sequence,110,110,Nor
COUN001345|6311,6311,Wensum|COUN001345|S5|6311,52.634342,1.304786,Stratigraphic sequence,110,110,Nor
COUN001345|6312,6312,Wensum|COUN001345|Gravel_1|6312,52.634342,1.304786,Stratigraphic sequence,110,110,Nor
COUN001345|6313,6313,Wensum|COUN001345|Gravel_2|6313,52.634342,1.304786,Stratigraphic sequence,110,110,Nor
COUN001346|6325,6325,Dagenham: Hornchurch Marshes Site 2|COUN001346|S1|6325,51.520313,0.176463,Stratigraphic sequence,6260,5910,Nor
COUN001346|6330,6330,Dagenham: Hornchurch Marshes Site 2|COUN001346|S6|6330,51.520313,0.176463,Stratigraphic sequence,5750,5330,Nor
COUN001346|6333,6333,Dagenham: Hornchurch Marshes Site 2|COUN001346|S9|6333,51.520313,0.176463,Stratigraphic sequence,5280,4840,Nor
COUN001346|6334,6334,Dagenham: Hornchurch Marshes Site 2|COUN001346|S10|6334,51.520313,0.176463,Stratigraphic sequence,5590,4980,Nor
COUN001346|6335,6335,Dagenham: Hornchurch Marshes Site 2|COUN001346|S11|6335,51.520313,0.176463,Stratigraphic sequence,4140,3690,Nor
COUN001353|6425,6425,Jurby Head|COUN001353|S9|6425,54.35233,-4.551134,Stratigraphic sequence,13574,12806,Nor
COUN001353|6427,6427,Jurby Head|COUN001353|S11|6427,54.35233,-4.551134,Stratigraphic sequence,15326,13565,Nor
COUN001376|6612,6612,"Notsel, Mark Valley|COUN001376|LGS1|6612",51.55417,4.769444,Stratigraphic sequence,10500,10000,Nor
COUN001376|6613,6613,"Notsel, Mark Valley|COUN001376|LGS2|6613",51.55417,4.769444,Stratigraphic sequence,10500,10000,Nor
COUN001376|6614,6614,"Notsel, Mark Valley|COUN001376|LGS3|6614",51.55417,4.769444,Stratigraphic sequence,10500,10000,Nor
COUN001376|6615,6615,"Notsel, Mark Valley|COUN001376|LGS4|6615",51.55417,4.769444,Stratigraphic sequence,10500,10000,Nor
COUN001376|6616,6616,"Notsel, Mark Valley|COUN001376|LGS5|6616",51.55417,4.769444,Stratigraphic sequence,12977,12722,Nor
COUN001376|6617,6617,"Notsel, Mark Valley|COUN001376|LGS6|6617",51.55417,4.769444,Stratigraphic sequence,12957,12713,Nor
COUN001376|6618,6618,"Notsel, Mark Valley|COUN001376|LGS7|6618",51.55417,4.769444,Stratigraphic sequence,12957,12713,Nor
COUN001379|6646,6646,Hatfield Moors: Lindholme Bank Road|COUN001379|BugsPresence|6646,53.55461,-0.956113,Stratigraphic sequence,4784,4248,Nor
COUN001386|6657,6657,West Cotton|COUN001386|BugsPresence|6657,52.341946,-0.5688889,Stratigraphic sequence,1540,884,Nor
COUN001387|6658,6658,Ebbsfleet|COUN001387|BugsPresence|6658,51.443027,0.320896,Stratigraphic sequence,5735,5597,Nor
COUN001409|6749,6749,Thorne: Tween Bridge Moors|COUN001409|S_15|6749,53.612213,-0.917716,Stratigraphic sequence,5458,5248,Nor
COUN001409|6750,6750,Thorne: Tween Bridge Moors|COUN001409|S_20|6750,53.612213,-0.917716,Stratigraphic sequence,5033,4864,Nor
COUN001409|6751,6751,Thorne: Tween Bridge Moors|COUN001409|S_25|6751,53.612213,-0.917716,Stratigraphic sequence,4613,4472,Nor
COUN001409|6752,6752,Thorne: Tween Bridge Moors|COUN001409|S_25a|6752,53.612213,-0.917716,Stratigraphic sequence,4613,4472,Nor
COUN001409|6753,6753,Thorne: Tween Bridge Moors|COUN001409|S_35|6753,53.612213,-0.917716,Stratigraphic sequence,3808,3672,Nor
COUN001409|6754,6754,Thorne: Tween Bridge Moors|COUN001409|S_45|6754,53.612213,-0.917716,Stratigraphic sequence,3041,2848,Nor
COUN001409|6755,6755,Thorne: Tween Bridge Moors|COUN001409|S_55|6755,53.612213,-0.917716,Stratigraphic sequence,2675,2354,Nor
COUN001409|6756,6756,Thorne: Tween Bridge Moors|COUN001409|S_65|6756,53.612213,-0.917716,Stratigraphic sequence,2399,2164,Nor
COUN001409|6757,6757,Thorne: Tween Bridge Moors|COUN001409|S_70|6757,53.612213,-0.917716,Stratigraphic sequence,2267,2064,Nor
COUN001409|6758,6758,Thorne: Tween Bridge Moors|COUN001409|S_85|6758,53.612213,-0.917716,Stratigraphic sequence,1899,1740,Nor
COUN001410|6759,6759,Ripon: South|COUN001410|2M|6759,54.1167,-1.492069,Stratigraphic sequence,4417,4244,Nor
COUN001410|6760,6760,Ripon: South|COUN001410|S1|6760,54.1167,-1.492069,Stratigraphic sequence,547,506,Nor
COUN001410|6777,6777,Ripon: South|COUN001410|S17|6777,54.1167,-1.492069,Stratigraphic sequence,726,666,Nor
COUN001436|6939,6939,Uxbridge|COUN001436|S53|6939,51.552658,-0.4846545,Stratigraphic sequence,11812,11344,Nor
COUN001442|6991,6991,Finglas River Waterville|COUN001442|S1|6991,52.2223,-9.902156,Stratigraphic sequence,13316,12722,Nor
COUN001442|7001,7001,Finglas River Waterville|COUN001442|S11|7001,52.2223,-9.902156,Stratigraphic sequence,14455,13359,Nor
COUN001458|7040,7040,"Horton Kirby, South Darenth|COUN001458|S2|7040",51.39473,0.24481,Stratigraphic sequence,7574,7442,Nor
COUN001458|7041,7041,"Horton Kirby, South Darenth|COUN001458|S3|7041",51.39473,0.24481,Stratigraphic sequence,7464,7313,Nor
COUN001458|7042,7042,"Horton Kirby, South Darenth|COUN001458|S4|7042",51.39473,0.24481,Stratigraphic sequence,7273,7027,Nor
COUN001458|7044,7044,"Horton Kirby, South Darenth|COUN001458|S6|7044",51.39473,0.24481,Stratigraphic sequence,7273,7027,Nor
COUN001458|7045,7045,"Horton Kirby, South Darenth|COUN001458|S7|7045",51.39473,0.24481,Stratigraphic sequence,7263,7021,Nor
COUN001458|7047,7047,"Horton Kirby, South Darenth|COUN001458|S9|7047",51.39473,0.24481,Stratigraphic sequence,7293,7168,Nor
COUN001458|7049,7049,"Horton Kirby, South Darenth|COUN001458|S11|7049",51.39473,0.24481,Stratigraphic sequence,1301,1154,Nor
COUN001459|7050,7050,Deptford: Old Seager Distillery|COUN001459|C304|7050,51.473038,-0.023065,Stratigraphic sequence,6941,6506,Nor
COUN001459|7051,7051,Deptford: Old Seager Distillery|COUN001459|C301|7051,51.473038,-0.023065,Stratigraphic sequence,6790,5331,Nor
COUN001459|7052,7052,Deptford: Old Seager Distillery|COUN001459|C318|7052,51.473038,-0.023065,Stratigraphic sequence,1967,1738,Nor
COUN001459|7053,7053,Deptford: Old Seager Distillery|COUN001459|C302|7053,51.473038,-0.023065,Stratigraphic sequence,1819,1575,Nor
COUN001459|7054,7054,Deptford: Old Seager Distillery|COUN001459|C300|7054,51.473038,-0.023065,Stratigraphic sequence,1703,927,Nor
COUN001460|7056,7056,Ramsey: High Lode|COUN001460|S6|7056,52.45522,-0.110061,Stratigraphic sequence,3632,3470,Nor
COUN001460|7057,7057,Ramsey: High Lode|COUN001460|S5|7057,52.45522,-0.110061,Stratigraphic sequence,3632,3470,Nor
COUN001460|7058,7058,Ramsey: High Lode|COUN001460|S4|7058,52.45522,-0.110061,Stratigraphic sequence,3632,3470,Nor
COUN001460|7059,7059,Ramsey: High Lode|COUN001460|S3|7059,52.45522,-0.110061,Stratigraphic sequence,3632,3470,Nor
COUN001460|7060,7060,Ramsey: High Lode|COUN001460|S2|7060,52.45522,-0.110061,Stratigraphic sequence,3632,3470,Nor
COUN001460|7061,7061,Ramsey: High Lode|COUN001460|S1|7061,52.45522,-0.110061,Stratigraphic sequence,3632,3470,Nor
COUN001478|7158,7158,Portinscale: Mossgarth|COUN001478|Unit_3|7158,54.6001,-3.162333,Stratigraphic sequence,5278,4418,Nor
COUN001488|7175,7175,London: Queen Elizabeth Olympic Park|COUN001488|C228|7175,51.54615,-0.01269,Stratigraphic sequence,1700,1540,Nor
COUN001490|7178,7178,London: Queen Elizabeth Olympic Park|COUN001490|C17|7178,51.54615,-0.01269,Stratigraphic sequence,2340,2156,Nor
COUN001490|7179,7179,London: Queen Elizabeth Olympic Park|COUN001490|C20|7179,51.54615,-0.01269,Stratigraphic sequence,11069,10255,Nor
COUN001491|7180,7180,London: Queen Elizabeth Olympic Park|COUN001491|C842|7180,51.54615,-0.01269,Stratigraphic sequence,4449,2549,Nor
COUN001491|7181,7181,London: Queen Elizabeth Olympic Park|COUN001491|C837|7181,51.54615,-0.01269,Stratigraphic sequence,4449,2549,Nor
COUN001491|7182,7182,London: Queen Elizabeth Olympic Park|COUN001491|C838|7182,51.54615,-0.01269,Stratigraphic sequence,550,351,Nor
COUN001491|7183,7183,London: Queen Elizabeth Olympic Park|COUN001491|C845|7183,51.54615,-0.01269,Stratigraphic sequence,550,351,Nor
COUN001491|7184,7184,London: Queen Elizabeth Olympic Park|COUN001491|C839|7184,51.54615,-0.01269,Stratigraphic sequence,550,351,Nor
COUN001491|7185,7185,London: Queen Elizabeth Olympic Park|COUN001491|C833|7185,51.54615,-0.01269,Stratigraphic sequence,550,351,Nor
COUN001491|7186,7186,London: Queen Elizabeth Olympic Park|COUN001491|C952|7186,51.54615,-0.01269,Stratigraphic sequence,450,151,Nor
COUN001492|7187,7187,London: Queen Elizabeth Olympic Park|COUN001492|C78|7187,51.54615,-0.01269,Stratigraphic sequence,1273,1072,Nor
COUN001493|7189,7189,London: Queen Elizabeth Olympic Park|COUN001493|C574|7189,51.54615,-0.01269,Stratigraphic sequence,4449,2549,Nor
COUN001493|7190,7190,London: Queen Elizabeth Olympic Park|COUN001493|C183|7190,51.54615,-0.01269,Stratigraphic sequence,4449,2549,Nor
COUN001493|7191,7191,London: Queen Elizabeth Olympic Park|COUN001493|C177|7191,51.54615,-0.01269,Stratigraphic sequence,1550,400,Nor
COUN001493|7192,7192,London: Queen Elizabeth Olympic Park|COUN001493|C182|7192,51.54615,-0.01269,Stratigraphic sequence,2599,1540,Nor
COUN001493|7193,7193,London: Queen Elizabeth Olympic Park|COUN001493|C532|7193,51.54615,-0.01269,Stratigraphic sequence,2599,1540,Nor
COUN001506|7294,7294,Aston on Trent|COUN001506|S6|7294,52.85278,-1.3611112,Stratigraphic sequence,9434,9095,Nor
COUN001507|7305,7305,Aston on Trent|COUN001507|S6|7305,52.85278,-1.3611112,Stratigraphic sequence,9434,9095,Nor
COUN001508|7313,7313,Dove Bridge|COUN001508|BugsPresence|7313,52.90744,-1.84399,Stratigraphic sequence,10741,10422,Nor
COUN001524|7343,7343,Castellum Fectio|COUN001524|S667|7343,52.058784,5.160397,Stratigraphic sequence,1946,1690,Nor
COUN001524|7344,7344,Castellum Fectio|COUN001524|S652|7344,52.058784,5.160397,Stratigraphic sequence,1946,1690,Nor
COUN001524|7345,7345,Castellum Fectio|COUN001524|S619|7345,52.058784,5.160397,Stratigraphic sequence,1946,1690,Nor
COUN001524|7346,7346,Castellum Fectio|COUN001524|S589|7346,52.058784,5.160397,Stratigraphic sequence,1946,1690,Nor
COUN001524|7347,7347,Castellum Fectio|COUN001524|S524|7347,52.058784,5.160397,Stratigraphic sequence,1946,1690,Nor
COUN001524|7348,7348,Castellum Fectio|COUN001524|S469|7348,52.058784,5.160397,Stratigraphic sequence,1946,1690,Nor
COUN001524|7351,7351,Castellum Fectio|COUN001524|S419|7351,52.058784,5.160397,Stratigraphic sequence,1946,1690,Nor
COUN001524|7352,7352,Castellum Fectio|COUN001524|S415|7352,52.058784,5.160397,Stratigraphic sequence,1965,1822,Nor
COUN001524|7354,7354,Castellum Fectio|COUN001524|S387|7354,52.058784,5.160397,Stratigraphic sequence,1946,1690,Nor
COUN001524|7355,7355,Castellum Fectio|COUN001524|S380|7355,52.058784,5.160397,Stratigraphic sequence,1946,1690,Nor
COUN001524|7357,7357,Castellum Fectio|COUN001524|S340|7357,52.058784,5.160397,Stratigraphic sequence,1946,1690,Nor
COUN001524|7358,7358,Castellum Fectio|COUN001524|S335|7358,52.058784,5.160397,Stratigraphic sequence,1946,1690,Nor
COUN001524|7359,7359,Castellum Fectio|COUN001524|S331|7359,52.058784,5.160397,Stratigraphic sequence,1946,1690,Nor
COUN001524|7360,7360,Castellum Fectio|COUN001524|S328|7360,52.058784,5.160397,Stratigraphic sequence,1946,1690,Nor
COUN001524|7361,7361,Castellum Fectio|COUN001524|S325|7361,52.058784,5.160397,Stratigraphic sequence,1946,1690,Nor
COUN001524|7362,7362,Castellum Fectio|COUN001524|S310|7362,52.058784,5.160397,Stratigraphic sequence,1946,1690,Nor
COUN001524|7363,7363,Castellum Fectio|COUN001524|S295|7363,52.058784,5.160397,Stratigraphic sequence,1994,1826,Nor
COUN001524|7364,7364,Castellum Fectio|COUN001524|S278|7364,52.058784,5.160397,Stratigraphic sequence,1946,1690,Nor
COUN001524|7365,7365,Castellum Fectio|COUN001524|S274|7365,52.058784,5.160397,Stratigraphic sequence,1946,1690,Nor
COUN001524|7366,7366,Castellum Fectio|COUN001524|S271|7366,52.058784,5.160397,Stratigraphic sequence,1946,1690,Nor
COUN001524|7367,7367,Castellum Fectio|COUN001524|S265|7367,52.058784,5.160397,Stratigraphic sequence,1946,1690,Nor
COUN001524|7368,7368,Castellum Fectio|COUN001524|S258|7368,52.058784,5.160397,Stratigraphic sequence,1946,1690,Nor
COUN001524|7369,7369,Castellum Fectio|COUN001524|S250|7369,52.058784,5.160397,Stratigraphic sequence,1946,1690,Nor
COUN001524|7370,7370,Castellum Fectio|COUN001524|S245|7370,52.058784,5.160397,Stratigraphic sequence,1946,1690,Nor
COUN001524|7372,7372,Castellum Fectio|COUN001524|S227|7372,52.058784,5.160397,Stratigraphic sequence,1946,1690,Nor
COUN001524|7373,7373,Castellum Fectio|COUN001524|S222|7373,52.058784,5.160397,Stratigraphic sequence,1946,1690,Nor
COUN001524|7374,7374,Castellum Fectio|COUN001524|S200|7374,52.058784,5.160397,Stratigraphic sequence,1946,1690,Nor
COUN001524|7375,7375,Castellum Fectio|COUN001524|S197|7375,52.058784,5.160397,Stratigraphic sequence,1921,1738,Nor
COUN001524|7376,7376,Castellum Fectio|COUN001524|S193|7376,52.058784,5.160397,Stratigraphic sequence,1946,1690,Nor
COUN001524|7377,7377,Castellum Fectio|COUN001524|S179|7377,52.058784,5.160397,Stratigraphic sequence,1946,1690,Nor
COUN001535|7415,7415,Dorney: Eton Rowing Lake|COUN001535|a|7415,51.49346,-0.66388965,Stratigraphic sequence,11123,10710,Nor
COUN001535|7416,7416,Dorney: Eton Rowing Lake|COUN001535|b|7416,51.49346,-0.66388965,Stratigraphic sequence,7160,6906,Nor
COUN001535|7417,7417,Dorney: Eton Rowing Lake|COUN001535|c|7417,51.49346,-0.66388965,Stratigraphic sequence,5605,5335,Nor
COUN001535|7418,7418,Dorney: Eton Rowing Lake|COUN001535|d|7418,51.49346,-0.66388965,Stratigraphic sequence,5278,4859,Nor
COUN001535|7419,7419,Dorney: Eton Rowing Lake|COUN001535|e|7419,51.49346,-0.66388965,Stratigraphic sequence,5305,4967,Nor
COUN001535|7420,7420,Dorney: Eton Rowing Lake|COUN001535|f|7420,51.49346,-0.66388965,Stratigraphic sequence,4405,4098,Nor
COUN001535|7421,7421,Dorney: Eton Rowing Lake|COUN001535|g|7421,51.49346,-0.66388965,Stratigraphic sequence,2700,2353,Nor
COUN001535|7422,7422,Dorney: Eton Rowing Lake|COUN001535|h|7422,51.49346,-0.66388965,Stratigraphic sequence,2330,2135,Nor
COUN001535|7423,7423,Dorney: Eton Rowing Lake|COUN001535|I|7423,51.49346,-0.66388965,Stratigraphic sequence,2041,1834,Nor
COUN001535|7425,7425,Dorney: Eton Rowing Lake|COUN001535|k|7425,51.49346,-0.66388965,Stratigraphic sequence,1697,1421,Nor
COUN001545|7484,7484,Thornton|COUN001545|S1|7484,53.90138,-0.88437223,Stratigraphic sequence,1521,1273,Nor
COUN001545|7490,7490,Thornton|COUN001545|S7|7490,53.90138,-0.88437223,Stratigraphic sequence,2312,1950,Nor
COUN001546|7491,7491,York: St Georges Field|COUN001546|S101|7491,53.953953,-1.0799783,Stratigraphic sequence,3015,2751,Nor
COUN001546|7492,7492,York: St Georges Field|COUN001546|S104|7492,53.953953,-1.0799783,Stratigraphic sequence,4449,2549,Nor
COUN001546|7493,7493,York: St Georges Field|COUN001546|S106|7493,53.953953,-1.0799783,Stratigraphic sequence,4449,2549,Nor
COUN001546|7494,7494,York: St Georges Field|COUN001546|S201|7494,53.953953,-1.0799783,Stratigraphic sequence,4449,2549,Nor
COUN001546|7495,7495,York: St Georges Field|COUN001546|S202|7495,53.953953,-1.0799783,Stratigraphic sequence,3574,3245,Nor
COUN001546|7496,7496,York: St Georges Field|COUN001546|S303|7496,53.953953,-1.0799783,Stratigraphic sequence,3635,3275,Nor
COUN001546|7497,7497,York: St Georges Field|COUN001546|S305|7497,53.953953,-1.0799783,Stratigraphic sequence,3824,2980,Nor
COUN001546|7498,7498,York: St Georges Field|COUN001546|S306|7498,53.953953,-1.0799783,Stratigraphic sequence,4449,2549,Nor
COUN001546|7499,7499,York: St Georges Field|COUN001546|S401|7499,53.953953,-1.0799783,Stratigraphic sequence,4449,2549,Nor
COUN001576|7611,7611,Cold Harbour Pill|COUN001576|9/10a|7611,51.552902,-2.822061,Stratigraphic sequence,4449,2549,Nor
COUN001576|7612,7612,Cold Harbour Pill|COUN001576|9/10b|7612,51.552902,-2.822061,Stratigraphic sequence,4449,2549,Nor
COUN001592|7663,7663,Cahiracon|COUN001592|M7_1|7663,52.639168,-9.149167,Stratigraphic sequence,4449,2549,Nor
COUN001592|7664,7664,Cahiracon|COUN001592|M7_2|7664,52.639168,-9.149167,Stratigraphic sequence,4449,2549,Nor
COUN001592|7665,7665,Cahiracon|COUN001592|M7_5|7665,52.639168,-9.149167,Stratigraphic sequence,4449,2549,Nor
COUN001596|7687,7687,Beccles|COUN001596|Tr1_1|7687,52.22766,1.3539248,Stratigraphic sequence,2599,1900,Nor
COUN001596|7688,7688,Beccles|COUN001596|Tr1_2|7688,52.22766,1.3539248,Stratigraphic sequence,2599,1900,Nor
COUN001596|7689,7689,Beccles|COUN001596|Tr1_3|7689,52.22766,1.3539248,Stratigraphic sequence,2599,1900,Nor
COUN001596|7690,7690,Beccles|COUN001596|Tr1_4|7690,52.22766,1.3539248,Stratigraphic sequence,2599,1900,Nor
COUN001596|7691,7691,Beccles|COUN001596|Tr1_5|7691,52.22766,1.3539248,Stratigraphic sequence,2599,1900,Nor
COUN001596|7692,7692,Beccles|COUN001596|Tr1_6|7692,52.22766,1.3539248,Stratigraphic sequence,2599,1900,Nor
COUN001596|7693,7693,Beccles|COUN001596|Tr1_7|7693,52.22766,1.3539248,Stratigraphic sequence,2599,1900,Nor
COUN001596|7694,7694,Beccles|COUN001596|Trackway|7694,52.22766,1.3539248,Stratigraphic sequence,2024,2024,Nor
COUN001596|7695,7695,Beccles|COUN001596|Tr4_2|7695,52.22766,1.3539248,Stratigraphic sequence,2599,1900,Nor
COUN001596|7696,7696,Beccles|COUN001596|Tr4_3|7696,52.22766,1.3539248,Stratigraphic sequence,2599,1900,Nor
COUN001596|7697,7697,Beccles|COUN001596|Tr4_4|7697,52.22766,1.3539248,Stratigraphic sequence,2599,1900,Nor
COUN001596|7698,7698,Beccles|COUN001596|Tr4_5|7698,52.22766,1.3539248,Stratigraphic sequence,2599,1900,Nor
COUN001596|7699,7699,Beccles|COUN001596|Tr4_6|7699,52.22766,1.3539248,Stratigraphic sequence,2599,1900,Nor
COUN001597|7700,7700,Stowmarket|COUN001597|S1|7700,52.18835,1.0004989,Stratigraphic sequence,9244,9020,Nor
COUN001597|7701,7701,Stowmarket|COUN001597|S2|7701,52.18835,1.0004989,Stratigraphic sequence,7328,7046,Nor
COUN001597|7702,7702,Stowmarket|COUN001597|S3|7702,52.18835,1.0004989,Stratigraphic sequence,5540,5010,Nor
COUN001597|7703,7703,Stowmarket|COUN001597|S4|7703,52.18835,1.0004989,Stratigraphic sequence,4706,4421,Nor
COUN001597|7704,7704,Stowmarket|COUN001597|S5|7704,52.18835,1.0004989,Stratigraphic sequence,3962,3733,Nor
COUN001597|7705,7705,Stowmarket|COUN001597|S6|7705,52.18835,1.0004989,Stratigraphic sequence,3416,3076,Nor
COUN001597|7706,7706,Stowmarket|COUN001597|S7|7706,52.18835,1.0004989,Stratigraphic sequence,3235,2972,Nor
COUN001597|7707,7707,Stowmarket|COUN001597|S8|7707,52.18835,1.0004989,Stratigraphic sequence,3136,2778,Nor
COUN001597|7708,7708,Stowmarket|COUN001597|S9|7708,52.18835,1.0004989,Stratigraphic sequence,1277,1100,Nor
COUN001599|7711,7711,Sizewell|COUN001599|BugsPresence|7711,52.218,1.607,Stratigraphic sequence,3135,2880,Nor
COUN001600|7712,7712,West Heslerton|COUN001600|132/44_48|7712,54.202194,-0.598799,Stratigraphic sequence,10830,10830,Nor
COUN001600|7713,7713,West Heslerton|COUN001600|132/10_15|7713,54.202194,-0.598799,Stratigraphic sequence,6390,6390,Nor
COUN001600|7716,7716,West Heslerton|COUN001600|108AA/0_10|7716,54.202194,-0.598799,Stratigraphic sequence,1850,1850,Nor
COUN001600|7717,7717,West Heslerton|COUN001600|143AA/S|7717,54.202194,-0.598799,Stratigraphic sequence,347,347,Nor
COUN001600|7718,7718,West Heslerton|COUN001600|76AB/0_10|7718,54.202194,-0.598799,Stratigraphic sequence,3600,3600,Nor
COUN001600|7719,7719,West Heslerton|COUN001600|102AB/0_10|7719,54.202194,-0.598799,Stratigraphic sequence,2051,2051,Nor
